display,manufacturer,year,peak_nm,fwhm_nm,sharpness,confidence,vote_ratio
BARCO 1080p,"Barco, N.V.",2025,610.0,95.7,1.56,0.04,0/1
VP32AQ,ASUSTek COMPUTER INC,2025,637.0,91.83,1.57,0.49,0/1
31MU97,LG Display,2025,653.0,90.53,1.5,0.03,0/1
DELL U2713H,"Dell, Inc.",2025,647.0,88.35,1.56,0.22,0/15
Generic PnP Monitor,"Dell, Inc.",2025,653.0,88.04,1.52,0.03,0/1
DELL U2413,"Dell, Inc.",2025,650.0,86.81,1.6,0.13,0/10
M2750,Digatron Industrie Elektronik GmbH,2025,640.0,86.51,1.68,0.44,0/1
PA272W,NEC Corporation,2025,647.0,85.85,1.59,0.22,0/9
PA242W,NEC Corporation,2025,653.0,85.57,1.53,0.13,0/3
MSI MP242A,Microstep,2025,613.0,82.16,1.81,0.17,0/2
24M2N5500,Philips Consumer Electronics Company,2025,613.0,80.45,1.9,0.06,0/1
E2211,LG Electronics,2025,620.0,80.33,1.89,0.27,0/1
DELL P2715Q,"Dell, Inc.",2025,620.0,78.65,1.91,0.5,0/3
EA244WMi,NEC Corporation,2025,620.0,77.96,1.95,0.27,0/6
VP2785 SERIES,ViewSonic Corporation,2025,633.0,77.19,1.96,0.51,0/8
ILAFPJ--X10J4,JVC KENWOOD Corporation,2025,617.0,76.54,2.2,0.2,0/1
LG 55NANO90JPA,LG Display,2025,627.0,75.7,1.96,0.48,0/1
DELL P2720D,"Dell, Inc.",2025,620.0,75.48,2.03,0.37,0/2
EV2736W,Eizo Nanao Corporation,2025,623.0,75.44,1.97,0.41,0/9
DELL U2715H,"Dell, Inc.",2025,623.0,75.09,2.01,0.37,0/12
N140BGE-L22,Lenovo Group Limited,2025,610.0,75.01,2.04,0.07,0/1
DELL U2719D,"Dell, Inc.",2025,623.0,74.55,2.04,0.37,0/2
DELL S2316H,"Dell, Inc.",2025,617.0,73.57,2.11,0.19,0/2
24B1W,AOC,2025,610.0,73.12,2.04,0.26,0/2
N156HCA-EAC,Chimei Innolux Corporation,2025,610.0,72.96,2.28,0.09,0/1
ROG PG278QR,ASUSTek COMPUTER INC,2025,617.0,72.86,2.11,0.19,0/1
N160JCE-ELL,Chimei Innolux Corporation,2025,610.0,72.67,2.31,0.09,0/1
B140XTN03.1,Lenovo Group Limited,2025,610.0,72.4,2.18,0.08,0/1
N156HRA-EA1,Chimei Innolux Corporation,2025,610.0,72.29,2.32,0.09,0/10
HUAWEI AD80HW,"Huawei Technologies Co., Inc.",2025,613.0,71.74,2.09,0.07,0/2
N140JCA-ELK,Chimei Innolux Corporation,2025,610.0,71.68,2.33,0.09,0/2
P24FBA-RAGL,Xiaomi Inc.,2025,620.0,71.32,2.19,0.29,0/1
NE160WUM-NX6,BOE,2025,610.0,71.26,2.22,0.08,0/1
LS27B61x,Samsung Electric Company,2025,620.0,70.85,2.18,0.29,0/3
ASUS PA279,ASUSTek COMPUTER INC,2025,620.0,70.78,2.27,0.29,0/6
S27E390,Samsung Electric Company,2025,613.0,70.62,2.17,0.08,0/2
EA271Q,NEC Corporation,2025,620.0,69.94,2.22,0.36,0/2
S27R35x,Samsung Electric Company,2025,610.0,69.79,2.16,0.08,0/3
MX25AQ,Ancor Communications Inc,2025,617.0,69.68,2.24,0.2,0/1
DELL U3419W,"Dell, Inc.",2025,617.0,69.52,2.2,0.2,0/1
DELL U2417H,"Dell, Inc.",2025,620.0,69.45,2.23,0.37,0/7
"Monitor 1, Output DisplayPort-1",MSI GmbH,2025,617.0,69.2,2.24,0.2,0/1
DELL U2717D,"Dell, Inc.",2025,620.0,68.71,2.14,0.37,0/5
VX2771 Series,ViewSonic Corporation,2025,610.0,68.53,2.21,0.08,0/2
HP E242,Hewlett Packard Enterprise,2025,613.0,68.44,2.27,0.08,0/1
DELL U2718Q,"Dell, Inc.",2025,617.0,68.35,2.31,0.53,0/7
DELL U2721DE,"Dell, Inc.",2025,617.0,68.09,2.31,0.21,0/1
MNT,Sichuang Changhong Corporation,2025,610.0,67.93,2.2,0.08,0/2
ASUS VA27A,ASUSTek COMPUTER INC,2025,610.0,67.89,2.25,0.08,0/1
BenQ PD3200Q,BenQ Corporation,2025,610.0,67.75,2.26,0.08,0/2
RFCMD-NV15A19,BOE,2025,613.0,67.61,2.2,0.08,0/1
K272HUL,Acer Technologies,2025,613.0,67.47,2.25,0.08,0/1
DELL U2518D,"Dell, Inc.",2025,620.0,67.39,2.26,0.29,0/5
DELL S2721H,"Dell, Inc.",2025,610.0,67.35,2.27,0.08,0/2
XL2546X+,BenQ Corporation,2025,617.0,67.24,2.34,0.21,0/1
Dell U4919DW,"Dell, Inc.",2025,617.0,67.03,2.38,0.21,0/3
2449,BOE,2025,610.0,66.89,2.3,0.09,0/1
BenQ LCD,BenQ Corporation,2025,613.0,66.83,2.3,0.29,0/18
C27F390,Samsung Electric Company,2025,610.0,66.81,2.32,0.09,0/1
DELL D2720DS,"Dell, Inc.",2025,617.0,66.57,2.34,0.21,0/1
LEN140WUXGA,Lenovo Group Limited,2025,610.0,66.49,2.51,0.1,0/1
DELL U2412M,"Dell, Inc.",2025,613.0,66.42,2.3,0.36,0/22
XR156EA3T-82,ST Electronics Systems Assembly Pte Ltd,2025,610.0,66.36,2.59,0.11,0/2
LG 24QP500-B,LG Display,2025,617.0,66.02,2.41,0.21,0/1
SA272 P1,Acer Technologies,2025,610.0,65.83,2.55,0.1,0/1
NV173FHM-N49,BOE,2025,610.0,65.71,2.46,0.1,0/1
HP 24es,Hewlett Packard Enterprise,2025,613.0,65.68,2.37,0.09,0/1
HP Pavilion32,Hewlett Packard Enterprise,2025,613.0,65.08,2.3,0.09,0/1
Mi TV,Xiaomi Inc.,2025,613.0,64.87,2.33,0.09,0/4
S24F350,Samsung Electric Company,2025,613.0,64.67,2.41,0.09,0/2
B156HAN15.2,AU Optronics,2025,610.0,64.66,2.56,0.1,0/1
LP156WFJ-SPB4,LG Display,2025,610.0,64.33,2.62,0.11,0/2
OptiPlex 7490,"Dell, Inc.",2025,613.0,64.19,2.38,0.09,0/1
NV173FHM-NX4,BOE,2025,610.0,64.05,2.51,0.1,0/2
10642,AU Optronics,2025,610.0,63.91,2.5,0.1,0/1
VA2212 Series,ViewSonic Corporation,2025,610.0,63.88,2.35,0.09,0/1
LM156LF-2F01,Najing CEC Panda FPD Technology CO. ltd,2025,610.0,63.76,2.58,0.11,0/6
2280W,AOC,2025,613.0,63.61,2.43,0.1,0/1
U2879G6,AOC,2025,610.0,63.58,2.38,0.09,0/1
R240HY,Acer Technologies,2025,613.0,63.3,2.47,0.1,0/1
NE156FHM-N41,Najing CEC Panda FPD Technology CO. ltd,2025,610.0,63.28,2.54,0.1,0/1
NE140FHM-N61,Lenovo Group Limited,2025,610.0,63.21,2.36,0.09,0/2
LEN156FHD,Lenovo Group Limited,2025,610.0,63.2,2.57,0.1,0/9
23EA53,LG Electronics,2025,610.0,63.01,2.45,0.1,0/1
HP 27es,Hewlett Packard Enterprise,2025,613.0,62.63,2.47,0.1,0/2
LP125WH2-SLB3,Lenovo Group Limited,2025,610.0,62.55,2.56,0.1,0/2
LM156LF-GL03,Najing CEC Panda FPD Technology CO. ltd,2025,610.0,62.52,2.6,0.11,0/2
DELL E2421HN,"Dell, Inc.",2025,617.0,62.44,2.49,0.22,0/1
U28E590,Samsung Electric Company,2025,610.0,62.27,2.43,0.1,0/2
709,LG Display,2025,610.0,62.01,2.39,0.09,0/1
27EA53,LG Electronics,2025,613.0,61.8,2.44,0.1,0/1
156FL02-101,Samsung Electronic Co.,2025,610.0,61.74,2.43,0.1,0/1
ASM140HDR,ASEM S.p.A.,2025,610.0,61.5,2.38,0.09,0/1
VA2349 Series,ViewSonic Corporation,2025,613.0,61.28,2.5,0.1,0/3
2294,BOE,2025,610.0,61.24,2.56,0.1,0/2
PL2740QS (2),2-Tel B.V,2025,610.0,61.22,2.53,0.1,0/1
LG IPS FULLHD,LG Electronics,2025,610.0,60.9,2.54,0.29,0/16
ASUS PA279CV,ASUSTek COMPUTER INC,2025,613.0,60.47,2.59,0.11,0/2
ASUS VC239,Ancor Communications Inc,2025,613.0,60.22,2.56,0.1,0/2
DELL P2417H,"Dell, Inc.",2025,610.0,60.01,2.58,0.11,0/3
Y25g-30,Lenovo,2025,610.0,59.87,2.61,0.11,0/1
LP156WF6-SPB6,LG Display,2025,610.0,59.68,2.54,0.1,0/1
VG279QM,ASUSTek COMPUTER INC,2025,610.0,58.58,2.71,0.11,0/3
B140HAN03.1,Lenovo Group Limited,2025,610.0,57.55,2.59,0.11,0/4
NV156FHM-N61,BOE,2025,610.0,57.29,2.61,0.11,0/10
B173HAN03.1,AU Optronics,2025,610.0,56.88,2.59,0.11,0/1
LG Ultra HD,LG Electronics,2025,613.0,56.79,2.73,0.77,0/10
Cintiq 16,Wacom Tech,2025,610.0,54.69,2.65,0.12,0/6
AGP327UZD,AOC,2025,620.0,54.29,2.55,0.33,0/1
LG 45GX950A-B,LG Display,2025,620.0,53.94,2.75,0.35,0/1
X39,Acer Technologies,2025,620.0,53.33,2.68,0.35,0/5
XG27AQDMG,ASUSTek COMPUTER INC,2025,620.0,51.21,2.83,0.4,0/5
PG32UCDP,ASUSTek COMPUTER INC,2025,620.0,50.99,2.85,0.4,0/3
marantz-AVR,"MARANTZ JAPAN, INC.",2025,613.0,49.08,3.01,0.28,0/8
LG TV SSCR2,LG Display,2025,623.0,47.82,3.22,0.57,0/1
VP2768-4k,ViewSonic Corporation,2025,630.0,46.89,4.13,0.79,0/1
RMC-1,JVC KENWOOD Corporation,2025,610.0,46.59,2.88,0.27,0/1
55OCG,Sichuang Changhong Corporation,2025,620.0,46.58,3.34,0.51,0/1
DELL U2424H,"Dell, Inc.",2025,630.0,44.22,4.41,0.84,0/2
BenQ GW2490T,BenQ Corporation,2025,633.0,43.61,4.18,0.85,0/1
ROG PG32UQX,ASUSTek COMPUTER INC,2025,630.0,42.36,5.9,0.87,0/9
MSI PS321QR,Microstep,2025,635.0,42.3,6.06,0.87,0/3
MAG321UX OLED,Microstep,2025,640.0,42.26,5.41,0.81,0/1
MAG 273Q X24,Microstep,2025,640.0,41.38,5.82,0.83,0/1
LG TV SSCR2,LG Electronics,2025,627.0,41.25,3.6,0.83,0/22
32Q1U,LG Display,2025,620.0,41.03,3.45,0.62,0/1
DELL P3424WE,"Dell, Inc.",2025,630.0,40.97,4.43,0.9,0/1
MSI MPG 321URXWW,"Micro-Star Int'l Co., Ltd.",2025,640.0,40.9,5.67,0.84,0/1
PG32UCDM,ASUSTek COMPUTER INC,2025,637.0,40.85,6.15,0.9,0/12
AG276UZD,AOC,2025,640.0,40.67,6.08,0.84,0/1
S90D,Samsung Electric Company,2025,637.0,40.51,6.09,0.9,0/5
X32 X,Acer Technologies,2025,637.0,40.46,6.14,0.9,0/2
AW3225QF,"Dell, Inc.",2025,637.0,40.37,6.16,0.91,0/8
AW2524HF,"Dell, Inc.",2025,630.0,40.36,4.65,0.91,0/1
Vision S,Digicom S.p.A.,2025,637.0,40.34,6.15,0.91,0/2
Odyssey G93SD,Samsung Electric Company,2025,640.0,40.27,5.97,0.85,0/1
AORUS FO32U2P,"GIGA-BYTE TECHNOLOGY CO., LTD.",2025,637.0,40.2,6.46,0.91,0/6
Odyssey G61SD,Samsung Electric Company,2025,637.0,40.18,6.42,0.91,0/4
MO27Q2,"GIGA-BYTE TECHNOLOGY CO., LTD.",2025,637.0,40.08,6.36,0.91,0/5
XG27ACDNG,ASUSTek COMPUTER INC,2025,637.0,40.05,6.29,0.91,0/6
S95F,Samsung Electric Company,2025,640.0,40.04,6.33,0.85,0/4
AORUS FO27Q2,"GIGA-BYTE TECHNOLOGY CO., LTD.",2025,637.0,40.03,6.32,0.91,0/1
PA32UCDM,ASUSTek COMPUTER INC,2025,637.0,39.98,6.43,0.91,0/6
LG OLED77G5PCA,LG Display,2025,627.0,39.96,3.82,0.87,0/2
MO32U,"GIGA-BYTE TECHNOLOGY CO., LTD.",2025,637.0,39.95,6.47,0.91,0/6
MPG341CX OLED,Microstep,2025,640.0,39.94,6.04,0.85,0/3
QCQ95S,Samsung Electric Company,2025,640.0,39.89,6.21,0.85,0/1
PG27UCDM,ASUSTek COMPUTER INC,2025,637.0,39.87,6.64,0.91,0/4
MO27Q2A,"GIGA-BYTE TECHNOLOGY CO., LTD.",2025,637.0,39.75,6.37,0.92,0/1
AG326UD,AOC,2025,637.0,39.73,6.57,0.92,0/3
XG27AQDPG,ASUSTek COMPUTER INC,2025,637.0,39.61,6.59,0.92,0/1
MAG 272Q X50,Microstep,2025,637.0,39.54,6.54,0.92,0/5
XG27UCDMG,ASUSTek COMPUTER INC,2025,637.0,39.53,6.89,0.92,0/2
MO34WQC2,"GIGA-BYTE TECHNOLOGY CO., LTD.",2025,637.0,39.43,6.52,0.92,0/5
AORUS FO27Q5P,"GIGA-BYTE TECHNOLOGY CO., LTD.",2025,637.0,39.39,6.64,0.92,0/6
PA34VCNV,ASUSTek COMPUTER INC,2025,630.0,39.36,4.7,0.92,0/1
X49 X,Acer Technologies,2025,637.0,39.28,6.38,0.93,0/3
MO27U2,"GIGA-BYTE TECHNOLOGY CO., LTD.",2025,637.0,39.14,7.1,0.93,1/6
Odyssey G85SB,Samsung Electric Company,2025,637.0,38.96,6.77,0.93,0/3
ATNA56AC01-0,Samsung Electronic Co.,2025,623.0,38.59,4.95,0.8,0/5
ATNA40YK07-1,Samsung Electric Company,2025,620.0,36.9,4.81,0.73,0/1
ATNA60HU01-0,Samsung Electronic Co.,2025,623.0,36.27,5.52,0.83,0/2
ATNA40YK11-0,Acer Technologies,2025,627.0,36.21,5.41,0.95,0/1
VP2768a,ViewSonic Corporation,2025,633.0,36.17,6.47,0.98,0/3
SONY TV  *30,Sony,2025,639.0,35.96,7.5,1.0,1/10
BenQ PD2705Q,BenQ Corporation,2025,633.0,35.48,6.75,1.0,1/10
E24q-30,Lenovo Group Limited,2025,630.0,35.07,6.66,1.0,0/1
16791,HP Inc.,2025,623.0,34.46,5.69,0.85,0/1
ARZOPA,Samsung Display Corp.,2025,620.0,33.79,5.07,0.76,0/2
ATNA33XC06-1,Samsung Electronic Co.,2025,623.0,31.2,5.68,0.85,0/1
SAMSUNG,Samsung Electric Company,2025,630.0,30.9,9.48,1.0,2/32
TCL SMART TV,TCL Corporation,2025,623.0,30.79,10.96,0.85,0/1
FFALCON R34Q8x,TCL Corporation,2025,643.0,30.59,9.34,0.85,0/1
FFALCON_R34Q8x,TCL Corporation,2025,643.0,30.35,9.46,0.85,0/1
Smart TV,Sichuang Changhong Corporation,2025,630.0,30.24,9.78,1.0,1/7
N156HCE-EN1,Chimei Innolux Corporation,2025,630.0,27.56,10.01,1.0,2/4
Beyond TV,Technical Concepts Ltd,2025,627.0,27.18,15.87,0.97,0/6
Action M,Digicom S.p.A.,2025,627.0,26.88,17.29,0.97,0/5
NE160QDM-NM4,BOE,2025,623.0,26.64,12.06,0.85,0/7
27M2V,INNOCN,2025,627.0,26.51,19.52,0.97,0/2
DELL U3011,"Dell, Inc.",2025,657.0,26.43,3.18,0.5,0/3
32R84,Technical Concepts Ltd,2025,627.0,26.14,19.53,0.97,0/2
27G7H,"Hisense Electric Co., Ltd.",2025,627.0,26.04,18.41,0.97,0/1
MPG 274U E16M,Microstep,2025,627.0,25.95,18.59,0.97,0/2
27R73Q,Technical Concepts Ltd,2025,623.0,25.68,14.85,0.85,0/1
X34 V3,Acer Technologies,2025,627.0,25.65,17.71,0.97,0/3
27G64,Technical Concepts Ltd,2025,627.0,25.62,22.41,0.97,0/2
27G7K-Ultra,"Hisense Electric Co., Ltd.",2025,620.0,25.61,10.36,0.76,0/1
Action S,Digicom S.p.A.,2025,627.0,25.56,16.7,0.97,0/5
32G64,Technical Concepts Ltd,2025,627.0,25.55,19.53,0.97,0/1
Mi monitor,Xiaomi Inc.,2025,627.0,25.28,20.89,0.97,0/1
Q27G4ZMN,AOC,2025,627.0,25.26,22.6,0.97,0/1
27M2N6800ML,Philips Consumer Electronics Company,2025,627.0,25.21,22.36,0.97,0/2
PIONEER-M,Pioneer Electronic Corporation,2025,620.0,25.02,5.04,0.76,0/2
3292,BOE,2025,627.0,24.75,20.97,0.97,0/1
M-VISION,Digital Projection Limited,2025,620.0,24.42,7.46,0.76,0/1
DELL UP2516D,"Dell, Inc.",2025,633.0,24.3,9.84,1.0,6/14
25G64,Technical Concepts Ltd,2025,620.0,23.29,12.07,0.76,0/2
LG HDR 4K,LG Electronics,2025,633.0,22.74,13.21,1.0,20/47
LG ULTRAWIDE,LG Electronics,2025,630.0,22.69,10.7,1.0,7/29
LG ULTRAGEAR+,LG Electronics,2025,633.0,22.68,11.75,1.0,23/62
LG TV,LG Electronics,2025,617.0,22.51,5.36,0.67,0/19
L1942,LG Electronics,2025,613.0,21.87,5.17,0.55,0/2
SyncMaster,Samsung Electric Company,2025,617.0,21.55,5.8,0.67,0/26
PA271W,NEC Corporation,2025,658.0,20.27,3.74,0.53,0/10
S2231W Digital,Eizo Nanao Corporation,2025,613.0,18.84,5.77,0.55,0/1
DELL U2515H,"Dell, Inc.",2025,633.0,17.97,31.79,1.0,1/9
U28E850,Samsung Electric Company,2025,650.0,17.42,5.02,0.64,0/1
HISENSE,"Hisense Electric Co., Ltd.",2025,643.0,17.22,227.2,1.0,6/28
DELL 2408WFP,"Dell, Inc.",2025,619.0,7.65,19.68,0.73,0/1
Thunderbolt Display,2-Tel B.V,2024,617.0,90.31,1.66,0.46,0/2
27EA83,LG Electronics,2024,647.0,89.73,1.52,0.21,0/1
MV270QHM-N61,BOE,2024,637.0,89.53,1.61,0.49,0/1
DELL P2421DC,"Dell, Inc.",2024,638.0,88.83,1.65,0.49,0/1
PA249,Ancor Communications Inc,2024,653.0,88.39,1.51,0.03,0/2
PA302W,NEC Corporation,2024,650.0,88.36,1.54,0.13,0/3
CG248,Eizo Nanao Corporation,2024,650.0,87.14,1.58,0.21,0/7
CG277,Eizo Nanao Corporation,2024,650.0,86.76,1.6,0.22,0/5
31MU97,LG Electronics,2024,647.0,86.5,1.62,0.42,0/2
DELL P3221D,"Dell, Inc.",2024,630.0,86.36,1.73,0.5,0/5
PN-K321,Sharp Corporation,2024,610.0,84.05,1.91,0.06,0/1
EA232WMi,NEC Corporation,2024,623.0,82.88,1.83,0.36,0/1
VG259Q3A,ASUSTek COMPUTER INC,2024,613.0,82.51,1.83,0.06,0/1
DELL U2212HM,"Dell, Inc.",2024,623.0,82.47,1.85,0.47,0/2
PHL 273V7,Philips Consumer Electronics Company,2024,613.0,81.82,1.83,0.17,0/2
LEN P27u-10,Lenovo Group Limited,2024,633.0,80.45,1.87,0.51,0/6
PHL 274E5,Philips Consumer Electronics Company,2024,617.0,80.18,1.9,0.18,0/1
S23A750D,Samsung Electric Company,2024,620.0,80.03,1.91,0.27,0/3
S19B420,Samsung Electric Company,2024,613.0,79.7,1.9,0.06,0/2
Altitude,JVC KENWOOD Corporation,2024,613.0,77.76,2.09,0.07,0/1
EA275WMi,NEC Corporation,2024,620.0,77.27,1.97,0.27,0/1
FS2333,Eizo Nanao Corporation,2024,630.0,76.91,1.89,0.51,0/6
LE49A509,Hitachi Ltd,2024,610.0,76.47,1.93,0.06,0/1
DELL U2419H,"Dell, Inc.",2024,626.0,76.0,1.98,0.46,0/1
DELL U4323QE,"Dell, Inc.",2024,617.0,75.84,1.96,0.18,0/1
DELL U2312HM,"Dell, Inc.",2024,613.0,75.78,2.04,0.26,0/3
BenQ EW3270ZL,BenQ Corporation,2024,620.0,75.43,1.98,0.28,0/2
ASUS PB277,Ancor Communications Inc,2024,617.0,75.18,2.02,0.19,0/1
AW2724HF,"Dell, Inc.",2024,620.0,75.13,2.04,0.28,0/1
PL2445H,Iiyama North America,2024,610.0,73.68,2.3,0.09,0/1
N140HCA-EAE,Lenovo Group Limited,2024,610.0,72.74,2.31,0.09,0/2
N156HCA-EAC,Lenovo Group Limited,2024,610.0,72.73,2.29,0.09,0/1
5397,Chimei Innolux Corporation,2024,610.0,72.39,2.3,0.09,0/1
N156HCA-EAB,Chimei Innolux Corporation,2024,610.0,71.88,2.3,0.09,0/5
S20B370,Samsung Electric Company,2024,613.0,71.69,2.13,0.08,0/1
2250W,AOC,2024,610.0,70.36,2.11,0.07,0/1
D32x-D1,"VIZIO, Inc",2024,610.0,70.31,2.2,0.08,0/1
N140HCA-EAC,Chimei Innolux Corporation,2024,610.0,70.09,2.37,0.09,0/1
OF27,XDM Ltd.,2024,610.0,70.06,2.09,0.07,0/1
PHL 278M1R,Philips Consumer Electronics Company,2024,617.0,69.86,2.28,0.21,0/1
DELL U3417W,"Dell, Inc.",2024,617.0,69.8,2.2,0.2,0/2
DELL P2418D,"Dell, Inc.",2024,617.0,69.41,2.23,0.2,0/3
DELL P2422H,"Dell, Inc.",2024,617.0,69.18,2.27,0.29,0/3
BenQ PV3200,BenQ Corporation,2024,613.0,69.12,2.19,0.08,0/1
2487,BOE,2024,613.0,69.08,2.12,0.07,0/1
15163,ViewSonic Corporation,2024,620.0,68.79,2.12,0.28,0/1
2460G5,AOC,2024,617.0,68.73,2.27,0.2,0/1
BenQ GW2270,BenQ Corporation,2024,613.0,68.57,2.23,0.57,0/4
DELL P2719H,"Dell, Inc.",2024,617.0,68.54,2.33,0.21,0/1
N173HGE-L11,Chi Mei Optoelectronics corp.,2024,610.0,68.16,2.21,0.08,0/3
BenQ GW2765,BenQ Corporation,2024,613.0,68.08,2.19,0.08,0/3
34GL750,LG Electronics,2024,617.0,67.62,2.35,0.21,0/1
VA2432-FHD,ViewSonic Corporation,2024,610.0,67.34,2.25,0.08,0/1
NV173FHM-NX1,BOE,2024,610.0,67.28,2.53,0.1,0/3
LG HDR WFHD,LG Electronics,2024,613.0,67.28,2.35,0.21,0/8
B125XTN01.0,Lenovo Group Limited,2024,610.0,67.15,2.33,0.09,0/3
MF-2703AH,"IPS, Inc. (Intellectual Property Solutions, Inc.)",2024,613.0,67.07,2.17,0.08,0/1
C24,Sceptre Tech Inc,2024,610.0,66.98,2.06,0.07,0/1
1781,LG Display,2024,610.0,66.96,2.51,0.1,0/1
PHL BDM3270,Philips Consumer Electronics Company,2024,613.0,66.82,2.25,0.08,0/1
TS2400-N2,Tidewater Association,2024,610.0,66.58,2.24,0.08,0/1
Acer X34 P,Acer Technologies,2024,617.0,66.49,2.33,0.21,0/1
NV140FHM-N48,BOE,2024,610.0,66.0,2.52,0.1,0/1
VG245,HKC OVERSEAS LIMITED,2024,613.0,65.98,2.22,0.08,0/1
B160UAN03.3,AU Optronics,2024,610.0,65.86,2.59,0.11,0/2
B173HAN04.9,AU Optronics,2024,610.0,65.71,2.57,0.1,0/3
LP156WFC-SPD1,LG Display,2024,610.0,65.61,2.57,0.1,0/8
NV156FHM-NX4,BOE,2024,610.0,65.37,2.53,0.1,0/1
32S327,Technical Concepts Ltd,2024,610.0,65.24,2.31,0.09,0/2
V206HQL,Acer Technologies,2024,610.0,65.22,2.28,0.09,0/1
PL3270Q,Iiyama North America,2024,613.0,65.14,2.45,0.1,0/3
22EA63,LG Electronics,2024,613.0,65.08,2.34,0.09,0/1
LF27T850,Samsung Electric Company,2024,613.0,64.92,2.35,0.09,0/1
DELL S2721HS,"Dell, Inc.",2024,610.0,64.85,2.35,0.09,0/3
BenQ PD2500Q,BenQ Corporation,2024,617.0,64.83,2.39,0.3,0/4
DELL S2421HS,"Dell, Inc.",2024,610.0,64.76,2.34,0.09,0/3
9HXXJ-156WH4,LG Display,2024,610.0,64.56,2.45,0.1,0/1
DELL P2717H,"Dell, Inc.",2024,610.0,64.55,2.42,0.09,0/1
DP,STD Computer Inc,2024,613.0,64.23,2.26,0.08,0/1
GS27Q,"GIGA-BYTE TECHNOLOGY CO., LTD.",2024,613.0,64.15,2.36,0.09,0/1
DP,"IPS, Inc. (Intellectual Property Solutions, Inc.)",2024,613.0,64.1,2.36,0.09,0/1
GS27Q X,"GIGA-BYTE TECHNOLOGY CO., LTD.",2024,610.0,63.97,2.38,0.09,0/1
GX258F,ICD Inc,2024,613.0,63.76,2.38,0.09,0/1
DELL P2219H,"Dell, Inc.",2024,613.0,63.56,2.43,0.1,0/1
HP 24fw,HP Inc.,2024,613.0,63.44,2.43,0.1,0/1
LP123WQ212604,LG Display,2024,613.0,63.31,2.28,0.09,0/2
B133HAK01.1,Lenovo Group Limited,2024,610.0,63.29,2.55,0.1,0/2
B156HAN02.1,AU Optronics,2024,610.0,63.18,2.55,0.1,0/6
P322GQC,"Envision Peripherals, Inc",2024,613.0,62.96,2.34,0.09,0/1
DELL SE2416H,"Dell, Inc.",2024,613.0,62.75,2.46,0.1,0/2
C24F390,Samsung Electric Company,2024,613.0,62.38,2.48,0.1,0/1
DELL P2418HT,"Dell, Inc.",2024,613.0,62.27,2.51,0.1,0/1
ZOWIE XL2546X,BenQ Corporation,2024,610.0,61.98,2.43,0.1,0/1
12332,AU Optronics,2024,610.0,61.82,2.59,0.11,0/1
HB125WX1-200,Lenovo Group Limited,2024,610.0,61.76,2.57,0.1,0/2
BenQ GW2780,BenQ Corporation,2024,613.0,61.7,2.51,0.1,0/1
22034,Fujitsu Ltd,2024,610.0,61.6,2.59,0.11,0/2
DELL P2419H,"Dell, Inc.",2024,613.0,61.52,2.54,0.1,0/4
LG FULL HD,LG Electronics,2024,610.0,61.49,2.5,0.1,0/4
EA273WMi,NEC Corporation,2024,610.0,61.38,2.51,0.1,0/1
EA234WMi,NEC Corporation,2024,610.0,61.37,2.5,0.1,0/4
S24D300,Samsung Electric Company,2024,610.0,61.34,2.54,0.1,0/4
DELL U2414H,"Dell, Inc.",2024,613.0,60.61,2.53,0.1,0/5
DELL P2719HC,"Dell, Inc.",2024,613.0,60.52,2.55,0.21,0/3
XG259QN,ASUSTek COMPUTER INC,2024,610.0,59.58,2.62,0.11,0/1
BenQ BL2381T,BenQ Corporation,2024,610.0,59.43,2.6,0.11,0/3
25G3Z,AOC,2024,610.0,59.33,2.39,0.09,0/1
TS2700-S8,"IPS, Inc. (Intellectual Property Solutions, Inc.)",2024,613.0,59.27,2.47,0.1,0/1
XB253Q,Acer Technologies,2024,610.0,59.18,2.64,0.11,0/3
120QL01-001,Seiko Epson Corporation,2024,610.0,58.73,2.63,0.11,0/2
VG259,ASUSTek COMPUTER INC,2024,610.0,58.65,2.68,0.11,0/3
BenQ V2200Eco,BenQ Corporation,2024,610.0,58.32,2.53,0.1,0/2
S22B350,Samsung Electric Company,2024,610.0,57.86,2.59,0.11,0/1
NV156FHM-N6A,BOE,2024,610.0,57.33,2.66,0.11,0/4
KD156N1030A06,KDDI Technology Corporation,2024,610.0,57.15,2.61,0.11,0/1
W220A,"IPS, Inc. (Intellectual Property Solutions, Inc.)",2024,610.0,56.97,2.6,0.11,0/1
B156HAN07.1,AU Optronics,2024,610.0,56.43,2.58,0.11,0/2
LED 2471h,"Envision Peripherals, Inc",2024,610.0,56.04,2.61,0.11,0/1
33517,AU Optronics,2024,610.0,55.8,2.64,0.11,0/2
PG34WCDM,ASUSTek COMPUTER INC,2024,620.0,52.61,2.75,0.37,0/2
X45,Acer Technologies,2024,620.0,52.43,2.75,0.37,0/3
PG27AQDP,ASUSTek COMPUTER INC,2024,620.0,52.2,2.76,0.38,0/5
Mi 27 NU,Xiaomi Inc.,2024,630.0,52.17,2.97,0.63,0/6
X34 X,Acer Technologies,2024,620.0,51.56,2.82,0.39,0/1
X27U,Acer Technologies,2024,620.0,51.16,2.81,0.4,0/4
PG27AQDM,ASUSTek COMPUTER INC,2024,623.0,51.04,2.87,0.49,0/5
M5C MONITOR,"SOYO Group, Inc",2024,630.0,50.37,3.29,0.68,0/2
Odyssey G65B,Samsung Electric Company,2024,630.0,48.89,3.44,0.72,0/1
Odyssey G6,Samsung Electric Company,2024,633.0,48.58,3.52,0.73,0/1
MSI MP275QPDG,Microstep,2024,630.0,47.89,3.78,0.76,0/1
LC27G7xT,Samsung Electric Company,2024,633.0,47.27,3.88,0.78,0/7
41001,Clevo Company,2024,620.0,47.15,3.99,0.55,0/1
FD2453W,XDM Ltd.,2024,630.0,46.3,3.85,0.79,0/2
UltraFine Pro (1),LG Display,2024,620.0,46.0,3.17,0.51,0/1
OF25,XDM Ltd.,2024,630.0,45.52,3.91,0.81,0/1
EPSON PJ,Seiko Epson Corporation,2024,610.0,45.25,2.97,0.83,0/11
X329U,ICD Inc,2024,633.0,45.16,5.34,0.82,0/1
C49HG9x,Samsung Electric Company,2024,630.0,45.07,4.59,0.82,0/2
32EP950,LG Display,2024,620.0,44.59,3.28,0.54,0/1
32EP950,2-Tel B.V,2024,620.0,44.27,3.29,0.55,0/1
C34J79x,Samsung Electric Company,2024,630.0,43.71,4.92,0.85,0/2
DELL S2421HN,"Dell, Inc.",2024,630.0,42.8,4.27,0.86,0/8
DELL P2722H,"Dell, Inc.",2024,630.0,42.61,4.3,0.87,0/1
SONY PJ  *00,Sony,2024,610.0,41.91,3.06,0.37,0/1
FD2453W,DCM Data Products,2024,630.0,41.75,4.47,0.88,0/1
OM32u pro,STD Computer Inc,2024,637.0,41.23,6.11,0.9,0/4
MPG321UX OLED,Microstep,2024,637.0,41.04,5.98,0.9,0/9
32M2N8800,Philips Consumer Electronics Company,2024,637.0,41.04,5.97,0.89,0/2
MAG271QX OLED,Microstep,2024,640.0,40.76,5.72,0.84,0/2
MPG271QX OLED,Microstep,2024,637.0,40.69,5.96,0.9,0/3
Odyssey G95NC,Samsung Electric Company,2024,633.0,40.49,6.9,0.9,0/6
Odyssey G7,Samsung Electric Company,2024,630.0,40.34,6.87,0.93,0/2
ATNA56AC01-0,ASUSTek COMPUTER INC,2024,623.0,40.26,4.86,0.76,0/1
34M2C6500,Philips Consumer Electronics Company,2024,637.0,40.24,6.21,0.91,0/1
Odyssey G60SD,Samsung Electric Company,2024,637.0,40.1,6.19,0.91,0/4
Odyssey G80SD,Samsung Electric Company,2024,637.0,40.09,6.53,0.91,0/9
MAG 271QPX E2,Microstep,2024,637.0,40.08,6.25,0.91,0/2
BenQ PD2700U,BenQ Corporation,2024,630.0,39.9,5.42,0.93,0/11
AW2725DF,"Dell, Inc.",2024,637.0,39.8,6.32,0.92,0/6
MSI MAG 32C6X,Microstep,2024,630.0,39.72,4.63,0.92,0/1
Odyssey G95SC,Samsung Electric Company,2024,640.0,39.58,6.14,0.86,0/2
ATNA60DL01-0,ASUS,2024,617.0,39.41,4.44,0.59,0/1
Dell AW3423DW,"Dell, Inc.",2024,637.0,39.3,6.41,0.92,0/13
Odyssey G93SC,Samsung Electric Company,2024,637.0,39.24,6.58,0.93,0/3
SA242Y E6,Acer Technologies,2024,630.0,39.1,5.09,0.93,0/1
ATNA33AA05-0,ASUS,2024,623.0,39.1,5.0,0.78,0/1
AORUS CO49DQ,"GIGA-BYTE TECHNOLOGY CO., LTD.",2024,637.0,39.06,6.77,0.93,0/5
QCQ90S,Samsung Electric Company,2024,637.0,39.04,6.56,0.93,0/3
PHL 34M2C8600,Philips Consumer Electronics Company,2024,640.0,39.04,6.42,0.91,0/2
ATNA56AC01-0,ASUS,2024,623.0,39.0,4.93,0.78,0/2
QBQ90S,Samsung Electric Company,2024,640.0,38.88,6.39,0.87,0/3
DELL P2423,"Dell, Inc.",2024,630.0,37.33,5.49,0.96,0/2
Odyssey G40B,Samsung Electric Company,2024,630.0,36.82,5.7,0.97,0/2
ATNA60YV09-0,Samsung Electric Company,2024,623.0,36.47,5.08,0.82,0/1
ATNA45AF03-0,Acer Inc,2024,623.0,35.82,5.14,0.84,0/1
S32B80P,Samsung Electric Company,2024,627.0,32.96,7.4,0.97,0/1
webOS TV,LG Electronics,2024,627.0,29.63,15.54,0.97,0/6
X32Q FS,Acer Technologies,2024,627.0,29.09,16.54,0.97,0/3
R27U81,Technical Concepts Ltd,2024,640.0,28.68,11.49,0.94,0/1
Beyond TV,TCL Corporation,2024,630.0,28.14,11.1,1.0,1/3
DELL U2711,"Dell, Inc.",2024,657.0,26.69,3.24,0.5,0/14
MJJGYY01FM,Xiaomi Inc.,2024,627.0,26.49,16.23,1.0,2/8
M2765,XDM Ltd.,2024,627.0,25.91,16.5,0.97,0/1
R27U91,TCL Corporation,2024,627.0,25.72,18.54,0.97,0/1
Q27G3XMN,AOC,2024,627.0,25.65,18.05,0.97,0/7
R27Q71,Technical Concepts Ltd,2024,620.0,25.62,11.94,0.76,0/4
GM001J,Innolab Pte Ltd,2024,627.0,25.45,19.79,0.97,0/1
SX2462W,Eizo Nanao Corporation,2024,657.0,25.3,3.35,0.51,0/10
TFG32U16P,Hansol,2024,627.0,25.08,19.19,0.97,0/1
27M2U-D,Innolab Pte Ltd,2024,623.0,25.06,14.18,0.85,0/1
LG HDR WQHD,LG Electronics,2024,633.0,24.84,8.64,1.0,3/7
PHL 276E8V,Philips Consumer Electronics Company,2024,630.0,24.45,9.98,1.0,1/5
LG FHD,LG Electronics,2024,633.0,24.06,12.56,1.0,2/5
MAG274Q QD E2,Microstep,2024,630.0,23.99,25.01,1.0,1/3
W2242,LG Electronics,2024,613.0,22.32,5.26,0.55,0/2
DELL U2311H,"Dell, Inc.",2024,613.0,21.97,5.08,0.55,0/2
VX2235wm-EU,ViewSonic Corporation,2024,613.0,21.77,5.38,0.55,0/1
L2250p Wide,Lenovo Group Limited,2024,613.0,21.62,5.34,0.55,0/1
L367,Eizo Nanao Corporation,2024,613.0,21.29,5.16,0.55,0/3
P221W,NEC Corporation,2024,613.0,18.88,5.77,0.55,0/7
GDM-5510,Sun Electronics Corporation,2024,623.0,18.68,10.99,0.85,0/2
Panasonic-TV,Panasonic Industry Company,2024,630.0,18.67,11.86,1.0,1/12
F27G30Q Pro,SKYDATA S.P.A.,2024,663.0,17.5,2.35,0.44,0/1
LG PROJECTOR,LG Electronics,2024,643.0,16.98,401.74,0.85,0/5
"iMac14,4",Apple Computer Inc,2023,640.0,92.38,1.54,0.43,0/1
CS2730,Eizo,2023,650.0,86.65,1.57,0.13,0/2
BenQ XL2411T,BenQ Corporation,2023,617.0,86.31,1.73,0.17,0/1
Q32E2WG5B,AOC,2023,617.0,85.53,1.76,0.17,0/1
PA279,Ancor Communications Inc,2023,647.0,85.27,1.62,0.22,0/1
S24C570,Samsung Electric Company,2023,623.0,82.69,1.85,0.36,0/1
PL2470H,Iiyama North America,2023,610.0,82.02,1.75,0.26,0/2
LUMAGEN Pro,"Lumagen, Inc.",2023,613.0,79.95,2.05,0.07,0/1
DELL SE2422H,"Dell, Inc.",2023,617.0,79.58,1.88,0.18,0/1
DELL U2713HM,"Dell, Inc.",2023,620.0,79.18,1.92,0.36,0/4
DELL P2423D,"Dell, Inc.",2023,620.0,75.44,2.02,0.28,0/1
D24-40,Lenovo Group Limited,2023,617.0,75.4,2.03,0.19,0/1
24GM77,LG Electronics,2023,617.0,73.7,2.05,0.19,0/1
MC13K-173WD1,LG Display,2023,610.0,73.51,2.11,0.07,0/1
N156HGA-EA3,Lenovo Group Limited,2023,610.0,71.81,2.11,0.07,0/1
Monitor domyślny,Philips Consumer Electronics Company,2023,613.0,70.58,2.18,0.08,0/1
LP156WF1-TLF3,LG Display,2023,610.0,69.72,2.26,0.08,0/1
Monitor domyślny,Iiyama North America,2023,613.0,69.67,2.22,0.08,0/1
U2790B,AOC,2023,617.0,69.66,2.29,0.21,0/5
DELL E2420H,"Dell, Inc.",2023,610.0,69.51,2.15,0.08,0/1
5561,Chimei Innolux Corporation,2023,610.0,69.1,2.14,0.08,0/1
XG2431,ViewSonic Corporation,2023,617.0,68.41,2.29,0.21,0/1
"MacBookPro10,1",Apple Computer Inc,2023,613.0,68.34,2.2,0.08,0/7
TV161FHM-NH0,BOE,2023,610.0,68.18,2.16,0.08,0/1
MSI MD2412P,Microstep,2023,617.0,67.99,2.29,0.21,0/1
NV156FHM-N48,BOE,2023,610.0,67.89,2.55,0.1,0/2
5YKTJ-B173HAN,AU Optronics,2023,613.0,67.59,2.25,0.08,0/1
MSI MD272QP,Microstep,2023,610.0,67.54,2.26,0.08,0/1
LQ156D1JX01B,Sharp Corporation,2023,613.0,67.44,2.19,0.08,0/1
LS27AG30x,Samsung Electric Company,2023,610.0,67.4,2.21,0.08,0/1
M133NWF4 RA,Lenovo Group Limited,2023,610.0,66.62,2.54,0.1,0/1
BenQ PD3200U,BenQ Corporation,2023,613.0,66.59,2.29,0.28,0/5
Q24G2,AOC,2023,617.0,66.33,2.37,0.21,0/2
VX2776 Series,ViewSonic Corporation,2023,610.0,66.17,2.28,0.09,0/1
HP X27i,HP Inc.,2023,617.0,66.04,2.29,0.21,0/1
1768,LG Display,2023,610.0,66.02,2.3,0.09,0/1
KG2712,H.P.R. Electronics GmbH,2023,613.0,65.78,2.27,0.08,0/1
XF930-133AT,Seiko Epson Corporation,2023,610.0,65.52,2.48,0.1,0/1
2807,BOE,2023,610.0,64.57,2.58,0.11,0/1
T3252U,HKC OVERSEAS LIMITED,2023,613.0,64.49,2.37,0.09,0/3
EV2450,Eizo Nanao Corporation,2023,613.0,64.11,2.44,0.1,0/7
C27JG5x,Samsung Electric Company,2023,613.0,63.73,2.42,0.09,0/2
PHL 230B8Q,Philips Consumer Electronics Company,2023,613.0,63.42,2.45,0.1,0/2
22425,AU Optronics,2023,610.0,63.03,2.56,0.1,0/1
DENON-AVRHD,"DENON, Ltd.",2023,620.0,62.92,3.31,0.49,0/5
C32F391,Samsung Electric Company,2023,610.0,62.77,2.53,0.1,0/1
8862,AU Optronics,2023,610.0,62.63,2.54,0.1,0/1
B156HAN08.4,AU Optronics,2023,610.0,62.39,2.54,0.1,0/6
VA2210-FHD,ViewSonic Corporation,2023,613.0,61.97,2.47,0.1,0/1
4RRP5-B156XTN,AU Optronics,2023,610.0,61.92,2.3,0.09,0/1
LP125WH2-SPT2,Lenovo Group Limited,2023,610.0,61.89,2.57,0.1,0/3
BenQ GL2450,BenQ Corporation,2023,610.0,61.53,2.55,0.1,0/1
HP E240,Hewlett Packard Enterprise,2023,610.0,61.21,2.54,0.1,0/1
ZOWIE XL LCD,BenQ Corporation,2023,610.0,60.65,2.56,0.2,0/8
NV126B5M-N41,BOE,2023,610.0,59.85,2.55,0.1,0/1
HDMI,BOE,2023,610.0,59.47,2.34,0.09,0/1
VG259QR,ASUSTek COMPUTER INC,2023,613.0,59.2,2.63,0.11,0/2
DELL AW2523HF,"Dell, Inc.",2023,610.0,58.69,2.66,0.11,0/1
B156HAN04.3,AU Optronics,2023,610.0,58.43,2.51,0.1,0/1
B173HAN04.2,AU Optronics,2023,610.0,58.25,2.56,0.1,0/2
3874Y-156WF6,LG Display,2023,610.0,57.46,2.58,0.11,0/1
4253,AU Optronics,2023,610.0,56.99,2.63,0.11,0/3
F7VDJ-B133HAN,AU Optronics,2023,610.0,56.78,2.62,0.11,0/1
PQ101IV288112,AU Optronics,2023,610.0,56.07,2.65,0.11,0/1
ILAFPJ--X214A,JVC KENWOOD Corporation,2023,610.0,55.16,2.72,0.11,0/1
X329DC,ICD Inc,2023,670.0,55.07,1.28,0.02,0/1
LG TV 50QNED826QB,LG Electronics,2023,620.0,54.82,3.12,0.35,0/1
45WQHD240,Core Dynamics Corporation,2023,620.0,51.86,2.74,0.38,0/1
OG27QK,HKC OVERSEAS LIMITED,2023,620.0,50.4,2.82,0.41,0/1
CreatorXtreme,Lenovo Group Limited,2023,630.0,47.94,4.25,0.77,0/1
CG48,Acer Technologies,2023,623.0,45.4,3.58,0.64,0/2
ROG XG27AQM,ASUSTek COMPUTER INC,2023,633.0,45.36,5.05,0.82,0/2
AG344UXM,AOC,2023,630.0,44.75,5.13,0.83,0/1
MPG321QRF-QD,Microstep,2023,633.0,43.94,5.61,0.84,0/1
XV322U,Acer Technologies,2023,633.0,43.72,5.74,0.85,0/1
BenQ EX3210U,BenQ Corporation,2023,633.0,43.6,5.78,0.85,0/1
AG275QZ,AOC,2023,630.0,43.57,5.4,0.85,0/1
ATNA56YX03-0,Samsung Electronic Co.,2023,623.0,42.04,4.7,0.73,0/1
"DISPLAY1, at 0, 0, width 1440, height 900 (Primary Display)",ASUS,2023,620.0,41.88,3.27,0.59,0/1
XW5000ES,Sony,2023,610.0,41.84,3.11,0.37,0/1
LS49AG95,Samsung Electric Company,2023,633.0,40.91,6.84,0.91,0/2
1D20G-156XG01,Samtron Displays Inc,2023,620.0,40.71,4.65,0.66,0/1
Odyssey G8,Samsung Electric Company,2023,633.0,40.34,6.97,0.91,0/5
AW3423DWF,"Dell, Inc.",2023,637.0,39.46,6.37,0.92,0/5
PG49WCD,ASUSTek COMPUTER INC,2023,637.0,39.45,6.43,0.92,0/1
ATNA40YK11-0,Acer Inc,2023,620.0,39.01,5.05,0.69,0/1
MEG 342C OLED,Microstep,2023,640.0,38.95,6.32,0.87,0/6
DELL P2723D,"Dell, Inc.",2023,630.0,37.54,5.47,0.96,0/2
P27h-20,Lenovo Group Limited,2023,630.0,36.62,5.96,0.97,0/1
AW2524H,"Dell, Inc.",2023,630.0,36.18,5.76,0.98,0/1
XG259CM,ASUSTek COMPUTER INC,2023,630.0,35.8,6.39,0.99,0/1
DELL P3421W,"Dell, Inc.",2023,630.0,34.85,6.37,1.0,1/3
DELL U2422H,"Dell, Inc.",2023,640.0,34.8,1.74,0.79,0/1
35480,Lenovo Group Limited,2023,623.0,34.73,5.36,0.85,0/2
Xiaomi Mi 14,Xiaomi Inc.,2023,623.0,32.53,7.48,0.85,0/2
Web,Xiaomi Inc.,2023,623.0,32.53,7.48,0.85,0/2
DENON-AVR,"DENON, Ltd.",2023,633.0,32.11,5.06,1.0,2/5
DELL UP2715K,"Dell, Inc.",2023,630.0,27.11,11.1,1.0,1/3
MAG325CQRF-QD,Microstep,2023,627.0,26.96,18.15,0.97,0/4
AG274QS3R1B+,AOC,2023,627.0,26.54,19.65,0.97,0/1
F27G60U,SKYDATA S.P.A.,2023,620.0,26.39,8.59,0.76,0/1
VX2781-4K-PRO,ViewSonic Corporation,2023,620.0,25.9,10.36,0.76,0/1
27M2V,AU Optronics,2023,627.0,25.75,19.97,0.97,0/1
GM001J,AU Optronics,2023,627.0,25.74,18.63,0.97,0/1
PHL 27B1U7903,Philips Consumer Electronics Company,2023,627.0,25.37,22.71,0.97,0/1
BenQ PJ,BenQ Corporation,2023,627.0,24.84,24.41,0.97,0/3
Color LCD,Apple Computer Inc,2023,633.0,24.75,10.98,1.0,8/53
VP2756-4K,ViewSonic Corporation,2023,630.0,23.82,11.55,1.0,1/2
HP ZR24w,Hewlett Packard Enterprise,2023,613.0,22.21,5.32,0.55,0/1
LCD2090UXi,NEC Corporation,2023,613.0,22.09,4.99,0.55,0/2
B154EW08 V1,AU Optronics,2023,613.0,21.74,5.08,0.55,0/1
Cinema HD,Apple Computer Inc,2023,617.0,21.38,5.71,0.76,0/12
VG2230wm,ViewSonic Corporation,2023,613.0,20.83,5.46,0.55,0/2
BenQ SW270C,BenQ Corporation,2023,631.0,9.39,7.44,1.0,4/10
"iMac13,1",Apple Computer Inc,2022,623.0,94.73,1.56,0.34,0/1
LED Cinema,Apple Computer Inc,2022,627.0,91.37,1.62,0.49,0/2
"iMac15,1",Apple Computer Inc,2022,630.0,90.16,1.65,0.49,0/3
CX240,Eizo Nanao Corporation,2022,650.0,88.91,1.55,0.13,0/3
IPS235,LG Electronics,2022,620.0,83.79,1.81,0.26,0/1
ASUS PA238,Ancor Communications Inc,2022,620.0,81.2,1.87,0.36,0/2
EV2436W,Eizo Nanao Corporation,2022,620.0,80.43,1.9,0.27,0/3
MACROSILICON,AOC,2022,610.0,80.36,1.91,0.06,0/1
VX2780 Series,ViewSonic Corporation,2022,640.0,80.17,1.84,0.51,0/2
LG 27MP55,LG Electronics,2022,618.0,78.43,1.96,0.21,0/2
Philips 272C4,Philips Consumer Electronics Company,2022,623.0,77.76,1.91,0.36,0/1
DELL P2214H,"Dell, Inc.",2022,620.0,76.79,1.98,0.36,0/2
HP X34,HP Inc.,2022,620.0,76.52,1.99,0.28,0/1
EV2750,Eizo Nanao Corporation,2022,620.0,76.38,1.98,0.28,0/1
HP Z27k G3,HP Inc.,2022,623.0,75.93,1.99,0.37,0/1
Acer XF240H,Acer Technologies,2022,617.0,75.84,2.01,0.19,0/1
HP 27mq,HP Inc.,2022,617.0,74.36,2.08,0.28,0/3
ROG PG27AQ,ASUSTek COMPUTER INC,2022,613.0,73.66,2.07,0.07,0/2
"MacBookPro11,2",Apple Computer Inc,2022,613.0,72.14,2.04,0.07,0/2
5638,Chimei Innolux Corporation,2022,610.0,71.52,2.34,0.09,0/2
HP Z32,HP Inc.,2022,613.0,71.02,2.19,0.08,0/1
VG27VQ,ASUSTek COMPUTER INC,2022,613.0,70.73,2.22,0.08,0/2
U27P2G6B,AOC,2022,617.0,70.69,2.26,0.2,0/2
HP E243i,HP Inc.,2022,617.0,70.16,2.19,0.2,0/1
Acer V226HQL,Acer Technologies,2022,610.0,69.5,2.29,0.09,0/3
F2J5X-B156HW2,AU Optronics,2022,610.0,69.03,2.25,0.08,0/2
"MacBookPro11,3",Apple Computer Inc,2022,620.0,68.81,2.23,0.29,0/5
EV3285,Eizo,2022,617.0,68.71,2.28,0.21,0/2
"MacBookAir9,1",Apple Computer Inc,2022,613.0,68.66,2.16,0.08,0/5
VX2478 Series,ViewSonic Corporation,2022,617.0,68.59,2.23,0.2,0/1
B156XW02 V6,AU Optronics,2022,610.0,67.89,2.09,0.07,0/4
PL2493H,Iiyama North America,2022,610.0,67.84,2.23,0.08,0/1
VX2450 SERIES,ViewSonic Corporation,2022,610.0,67.4,2.27,0.08,0/2
S22C300,Samsung Electric Company,2022,613.0,67.02,2.19,0.08,0/2
PL2792UH,Iiyama North America,2022,613.0,66.99,2.3,0.09,0/2
ASUS PG349Q,ASUSTek COMPUTER INC,2022,620.0,66.98,2.28,0.3,0/4
2220W,AOC,2022,610.0,66.82,2.27,0.08,0/1
NV156FHM-N52,Lenovo Group Limited,2022,613.0,66.77,2.2,0.08,0/1
"MacBookPro11,1",Apple Computer Inc,2022,613.0,66.77,2.17,0.08,0/3
R9P60-B156HAN,AU Optronics,2022,613.0,66.7,2.24,0.08,0/1
XB271HU,Acer Technologies,2022,613.0,66.65,2.31,0.28,0/5
PA248,Ancor Communications Inc,2022,613.0,66.54,2.3,0.27,0/2
R6FD8-NV15N4U,BOE,2022,610.0,65.45,2.32,0.09,0/2
5571,Chimei Innolux Corporation,2022,610.0,65.39,2.28,0.09,0/1
Q2490W1,AOC,2022,613.0,65.39,2.26,0.08,0/2
2228W,AOC,2022,610.0,65.38,2.3,0.09,0/1
VHK65-156WFJ,LG Display,2022,610.0,65.27,2.35,0.09,0/2
TV156FHM-NH1,BOE,2022,610.0,65.23,2.58,0.11,0/3
B156HAN13.1,AU Optronics,2022,610.0,65.18,2.29,0.09,0/1
NV156FHM-NX3,BOE,2022,610.0,65.14,2.3,0.09,0/2
1203M-LQ156M1,Sharp Corporation,2022,610.0,65.07,2.33,0.09,0/3
Philips 242EL,Philips Consumer Electronics Company,2022,610.0,65.0,2.35,0.09,0/1
LP156WF6-SPK6,LG Display,2022,610.0,64.94,2.51,0.1,0/2
ASUS PA329CV,ASUSTek COMPUTER INC,2022,617.0,64.81,2.33,0.21,0/2
B156HAN02.8,AU Optronics,2022,610.0,64.67,2.27,0.08,0/1
4925,AU Optronics,2022,610.0,64.66,2.3,0.09,0/4
NT156FHM-N41,BOE,2022,610.0,64.65,2.57,0.1,0/1
XG270,ViewSonic Corporation,2022,617.0,64.51,2.39,0.3,0/3
V277,Acer Technologies,2022,610.0,64.46,2.49,0.1,0/1
T240LG,"IPS, Inc. (Intellectual Property Solutions, Inc.)",2022,613.0,64.37,2.49,0.1,0/1
240000,HKC OVERSEAS LIMITED,2022,610.0,64.08,2.14,0.08,0/1
8685,AU Optronics,2022,610.0,63.99,2.59,0.11,0/3
VG2448,ViewSonic Corporation,2022,610.0,63.95,2.37,0.09,0/1
PL2760Q,Iiyama North America,2022,610.0,63.77,2.33,0.09,0/1
F27G3xTF,Samsung Electric Company,2022,610.0,63.53,2.25,0.08,0/1
Dell S2417DG,"Dell, Inc.",2022,610.0,63.5,2.37,0.09,0/2
2790,AOC,2022,613.0,63.5,2.46,0.1,0/1
Internal LCD,Toshiba Corporation,2022,610.0,63.29,2.35,0.09,0/4
LM156LF-CL13,Najing CEC Panda FPD Technology CO. ltd,2022,610.0,63.2,2.31,0.09,0/1
VG279,ASUSTek COMPUTER INC,2022,610.0,63.13,2.36,0.09,0/3
B156HTN03.8,AU Optronics,2022,610.0,63.11,2.58,0.11,0/3
HP 25er,Hewlett Packard Enterprise,2022,613.0,62.93,2.48,0.1,0/2
47007,AU Optronics,2022,610.0,62.92,2.23,0.08,0/1
B140HAN04.0,Lenovo Group Limited,2022,610.0,62.9,2.54,0.1,0/1
3MFD4-156WHU,LG Display,2022,610.0,62.71,2.58,0.11,0/1
18847,AU Optronics,2022,610.0,62.39,2.33,0.09,0/1
LM156LF-2F03,Najing CEC Panda FPD Technology CO. ltd,2022,610.0,62.23,2.61,0.11,0/6
NV156FHM-NX1,BOE,2022,610.0,62.06,2.54,0.1,0/1
LTN125AT01401,Seiko Epson Corporation,2022,610.0,61.61,2.52,0.1,0/1
R271,Acer Technologies,2022,610.0,61.51,2.52,0.1,0/1
ASUS VS239,Ancor Communications Inc,2022,610.0,60.46,2.52,0.1,0/3
1691,BOE,2022,610.0,60.4,2.56,0.1,0/1
DELL U4320Q,"Dell, Inc.",2022,610.0,60.33,2.49,0.37,0/3
HP E232,Hewlett Packard Enterprise,2022,610.0,60.25,2.53,0.1,0/1
DELL E2422H,"Dell, Inc.",2022,610.0,59.54,2.59,0.11,0/2
MSI NXG253R,Microstep,2022,610.0,59.17,2.64,0.11,0/1
AORUS FI25F,"GIGA-BYTE TECHNOLOGY CO., LTD.",2022,610.0,59.13,2.68,0.11,0/1
CPT,cPATH,2022,610.0,59.08,2.52,0.1,0/1
LP173WF4-SPF5,LG Display,2022,610.0,59.04,2.6,0.11,0/2
ROG PG259QNR,ASUSTek COMPUTER INC,2022,610.0,59.0,2.43,0.1,0/1
RN91N-140WF3,LG Display,2022,610.0,57.99,2.59,0.11,0/2
GW6XG,BOE,2022,610.0,57.78,2.56,0.1,0/1
NTY1H-B173HAN,AU Optronics,2022,610.0,57.55,2.62,0.11,0/1
Q70A,Samsung Electric Company,2022,630.0,55.26,2.85,0.57,0/1
8429,AU Optronics,2022,610.0,54.66,2.69,0.12,0/2
Y147T-B173HAN,AU Optronics,2022,610.0,54.19,2.76,0.13,0/2
OLED65-H1,"VIZIO, Inc",2022,620.0,50.85,2.93,0.41,0/1
27EP950,LG Electronics,2022,620.0,46.59,2.83,0.48,0/1
B160QAN02.K,AU Optronics,2022,630.0,45.49,5.1,0.82,0/1
LC32G7xT,Samsung Electric Company,2022,630.0,45.19,4.24,0.82,0/3
UltraFine Pro,LG Electronics,2022,620.0,44.84,3.26,0.68,0/6
DELL P2222H,"Dell, Inc.",2022,630.0,44.64,4.02,0.83,0/1
X32 FP,Acer Technologies,2022,633.0,44.4,5.56,0.84,0/2
ROG XG27UQR,ASUSTek COMPUTER INC,2022,630.0,44.1,5.22,0.84,0/4
AORUS FI32Q X,"GIGA-BYTE TECHNOLOGY CO., LTD.",2022,637.0,43.89,5.35,0.84,0/2
ASUS ProArt PA32UCG 4K HDR Monitor,ASUSTek COMPUTER INC,2022,633.0,43.68,5.76,0.85,0/1
ASUS PG32UQ,ASUSTek COMPUTER INC,2022,633.0,43.41,5.89,0.86,0/3
32EP950,LG Electronics,2022,620.0,43.38,3.22,0.56,0/1
PA32UCG,ASUSTek COMPUTER INC,2022,630.0,43.36,5.83,0.85,0/5
XG321UG,ViewSonic Corporation,2022,633.0,43.32,5.94,0.85,0/1
XV273K,2-Tel B.V,2022,630.0,43.18,5.69,0.86,0/1
MPG321UR-QD,Microstep,2022,630.0,42.83,5.49,0.86,0/2
PA27UCX,ASUSTek COMPUTER INC,2022,633.0,42.66,6.02,0.87,0/1
U32H85x,Samsung Electric Company,2022,630.0,42.07,6.01,0.88,0/3
BenQ PD2705U,BenQ Corporation,2022,630.0,41.11,5.21,0.89,0/1
EV2785,Eizo Nanao Corporation,2022,630.0,38.69,4.69,0.94,0/2
Generic Non-PnP Monitor,Samsung Electric Company,2022,620.0,38.58,4.0,0.7,0/1
PHL 27E1N8900,Philips Consumer Electronics Company,2022,618.0,38.48,3.51,0.61,0/2
DELL P3222QE,"Dell, Inc.",2022,630.0,38.22,5.34,0.99,0/2
ATNA56AC01-0,Samsung Electric Company,2022,620.0,38.21,4.84,0.7,0/1
Galaxy S20 FE,SAMSUNG,2022,617.0,37.96,3.81,0.61,0/1
Web,SAMSUNG,2022,617.0,37.96,3.81,0.61,0/1
BenQ EW2780U,BenQ Corporation,2022,630.0,37.36,5.81,0.96,0/4
DELL P3223QE,"Dell, Inc.",2022,630.0,37.32,5.61,0.96,0/1
Y25-30,Lenovo Group Limited,2022,630.0,37.2,5.48,0.96,0/2
PHL 279C9,Philips Consumer Electronics Company,2022,630.0,37.19,5.05,0.96,0/1
DELL P2723QE,"Dell, Inc.",2022,630.0,37.18,5.67,0.96,0/1
BenQ PD3205U,BenQ Corporation,2022,630.0,36.91,5.64,0.99,0/2
AW3423DW,"Dell, Inc.",2022,641.0,36.64,6.4,0.88,0/1
BenQ PV270,BenQ Corporation,2022,627.0,36.57,8.26,0.95,0/19
PHL 275E2F,Philips Consumer Electronics Company,2022,630.0,36.35,5.93,0.98,0/1
DELL P2720DC,"Dell, Inc.",2022,630.0,35.56,6.4,0.99,0/2
DELL S2721QS,"Dell, Inc.",2022,630.0,35.45,6.39,0.99,0/3
ATNA56XG04-0,Xiaomi Inc.,2022,623.0,34.5,5.24,0.85,0/1
DELL U2410,"Dell, Inc.",2022,657.0,26.59,3.24,0.5,0/10
CG243W,Eizo Nanao Corporation,2022,657.0,25.78,3.25,0.5,0/2
iMac,2-Tel B.V,2022,610.0,24.2,4.46,0.55,0/3
BenQ SW2700,BenQ Corporation,2022,633.0,24.03,14.04,1.0,1/9
2236,AOC,2022,610.0,22.86,4.86,0.55,0/3
1731,BOE,2022,630.0,21.6,15.39,1.0,1/6
CE240W,Eizo Nanao Corporation,2022,613.0,21.6,5.45,0.55,0/4
BENQ E2220HDP,BenQ Corporation,2022,613.0,21.49,5.15,0.55,0/1
SONY TV,Sony,2022,617.0,21.14,5.88,0.67,0/2
AV Receiver,Pioneer Electronic Corporation,2022,630.0,20.43,10.39,1.0,1/6
DELL S2722QC,"Dell, Inc.",2022,630.0,20.42,11.13,1.0,1/4
CG241W,Eizo Nanao Corporation,2022,613.0,19.83,5.58,0.55,0/1
Generic Non-PnP Monitor,Panasonic,2022,610.0,19.45,4.72,0.55,0/1
S2433W,Eizo Nanao Corporation,2022,613.0,19.19,5.9,0.55,0/7
LCD2690WUXi,NEC Corporation,2022,620.0,18.35,8.55,0.76,0/9
DELL U3014,"Dell, Inc.",2022,620.0,17.21,5.79,0.76,0/2
Kogan Monitor,Samsung Electric Company,2021,627.0,96.2,1.53,0.46,0/2
BenQ GW2760HS,BenQ Corporation,2021,630.0,93.05,1.57,0.49,0/1
HP Z32x,Hewlett Packard Enterprise,2021,647.0,92.02,1.47,0.21,0/2
Optoma 1080P,Optoma Corporation,2021,610.0,91.26,1.56,0.04,0/1
SE790C,Samsung Electric Company,2021,640.0,91.05,1.6,0.43,0/1
Display,"Dell, Inc.",2021,610.0,90.72,1.44,0.03,0/1
27G1G4,AOC,2021,620.0,90.54,1.64,0.25,0/2
AG352QG2,AOC,2021,637.0,90.25,1.6,0.49,0/1
2799,MS Telematica,2021,653.0,89.55,1.48,0.03,0/8
Z35,Acer Technologies,2021,640.0,89.21,1.63,0.43,0/1
24G1WG4,AOC,2021,623.0,89.2,1.66,0.34,0/1
CX241,Eizo Nanao Corporation,2021,650.0,87.76,1.56,0.13,0/5
S22D390,Samsung Electric Company,2021,617.0,86.65,1.74,0.17,0/1
PHL 271E1,Philips Consumer Electronics Company,2021,613.0,86.5,1.75,0.05,0/1
EA244UHD,NEC Corporation,2021,650.0,85.96,1.56,0.13,0/5
HDMI1,Hexium Ltd.,2021,640.0,85.84,1.71,0.44,0/1
24G2W1G5,AOC,2021,617.0,85.83,1.76,0.34,0/2
Q32V4WG5,AOC,2021,613.0,85.43,1.76,0.05,0/1
Q32P2WG5B,AOC,2021,613.0,85.1,1.76,0.05,0/1
DELL UP2718Q,"Dell, Inc.",2021,637.0,85.03,1.75,0.5,0/9
PL2466H,Iiyama North America,2021,617.0,84.0,1.78,0.17,0/1
PHL 275E1,Philips Consumer Electronics Company,2021,617.0,83.45,1.79,0.17,0/1
D24-D1,"VIZIO, Inc",2021,610.0,82.64,1.73,0.05,0/1
D2770,LG Electronics,2021,620.0,82.56,1.75,0.26,0/1
HP ZR2440w,Hewlett Packard Enterprise,2021,623.0,82.51,1.84,0.36,0/2
24MP55,LG Electronics,2021,613.0,82.4,1.82,0.26,0/2
Q27P1B,AOC,2021,617.0,81.86,1.82,0.17,0/1
19EN43,LG Electronics,2021,613.0,81.67,1.84,0.06,0/1
IPS237,LG Electronics,2021,620.0,81.56,1.86,0.27,0/1
23EA63,LG Electronics,2021,620.0,81.45,1.89,0.27,0/2
2260WG5,AOC,2021,617.0,81.37,1.89,0.18,0/1
D2342P,LG Electronics,2021,620.0,80.87,1.82,0.26,0/1
EA275UHD,NEC Corporation,2021,613.0,80.57,1.88,0.06,0/1
U2477WM,AOC,2021,623.0,77.02,1.94,0.36,0/1
20754,Fujitsu Ltd,2021,610.0,76.86,2.07,0.07,0/2
CB240HYK,Acer Technologies,2021,617.0,76.64,1.99,0.27,0/2
BenQ BL2410,BenQ Corporation,2021,613.0,76.07,2.02,0.07,0/1
2460G4,AOC,2021,613.0,75.28,2.03,0.07,0/1
G2460,AOC,2021,613.0,74.56,2.06,0.07,0/1
DELL S2419HM,"Dell, Inc.",2021,620.0,74.44,1.96,0.27,0/1
DELL S2722DC,"Dell, Inc.",2021,620.0,74.01,2.07,0.28,0/2
E2219HN,"Dell, Inc.",2021,610.0,72.14,2.18,0.08,0/1
Acer PE270K,Acer Technologies,2021,620.0,71.97,2.21,0.29,0/2
HP Z27u G3,HP Inc.,2021,623.0,71.8,2.1,0.37,0/2
H6510BD,Acer Technologies,2021,617.0,71.36,2.19,0.2,0/1
S27E391,Samsung Electric Company,2021,613.0,71.19,2.18,0.08,0/1
通用非即插即用监视器,TCL Corporation,2021,610.0,70.95,2.03,0.07,0/1
BenQ GL2450H,BenQ Corporation,2021,610.0,70.07,2.14,0.08,0/1
"MacBookPro8,1",Apple Computer Inc,2021,613.0,69.84,2.1,0.07,0/1
PA27A,ASUSTek COMPUTER INC,2021,620.0,69.48,2.24,0.29,0/1
PA248QV,ASUSTek COMPUTER INC,2021,613.0,69.34,2.23,0.08,0/2
PA247CV,ASUSTek COMPUTER INC,2021,610.0,69.32,2.0,0.07,0/1
BenQ EW2420,BenQ Corporation,2021,613.0,69.04,2.2,0.08,0/1
V8YG7-B156HAT,AU Optronics,2021,613.0,68.98,2.15,0.08,0/1
t Flat Panel,Nvidia,2021,610.0,68.72,2.3,0.09,0/1
24P1X,AOC,2021,610.0,68.71,2.22,0.08,0/1
27G2G5,AOC,2021,617.0,68.66,2.32,0.21,0/1
LEN G32qc-10,Lenovo Group Limited,2021,613.0,68.63,2.2,0.08,0/1
HP X24ih,HP Inc.,2021,617.0,68.42,2.29,0.21,0/1
MP59G,LG Electronics,2021,617.0,68.39,2.28,0.28,0/5
VP2771,ViewSonic Corporation,2021,620.0,68.31,2.28,0.3,0/2
TV140FHM-NH1,BOE,2021,610.0,68.24,2.52,0.1,0/1
EV3285,Eizo Nanao Corporation,2021,620.0,68.21,2.11,0.28,0/2
N184HGE-L21,Chi Mei Optoelectronics corp.,2021,610.0,68.18,2.22,0.08,0/1
NV140FHM-N4V,Lenovo Group Limited,2021,610.0,68.16,2.52,0.1,0/1
ULTRON 3278,Kingston Tech Corporation,2021,610.0,68.15,2.22,0.08,0/1
DELL U2415,"Dell, Inc.",2021,613.0,68.12,2.21,0.38,0/7
VP2768 Series,ViewSonic Corporation,2021,617.0,68.1,2.3,0.89,0/4
Acer K242HL,Acer Technologies,2021,610.0,68.08,2.07,0.07,0/1
24G2W1G8,AOC,2021,617.0,68.06,2.33,0.3,0/2
LP156WFC-SPD5,LG Display,2021,610.0,67.88,2.57,0.1,0/1
ASUS VE278,Ancor Communications Inc,2021,610.0,67.77,2.18,0.08,0/1
ACER S271HL,LG Display,2021,620.0,67.63,2.19,0.29,0/1
PA24A,ASUSTek COMPUTER INC,2021,610.0,67.42,2.27,0.08,0/2
XB241YU,Acer Technologies,2021,610.0,67.23,2.24,0.08,0/1
B156HW01 V4,Lenovo Group Limited,2021,610.0,67.01,2.21,0.37,0/11
"MacBookPro11,5",Apple Computer Inc,2021,616.0,66.96,2.23,0.28,0/6
AG241QG,AOC,2021,610.0,66.96,2.26,0.08,0/1
S22C200,Samsung Electric Company,2021,613.0,66.93,2.22,0.08,0/2
AG251F1WG2,AOC,2021,613.0,66.76,2.28,0.09,0/1
ASUS PB278QV,ASUSTek COMPUTER INC,2021,613.0,66.67,2.26,0.08,0/1
2590G4,AOC,2021,613.0,66.3,2.3,0.09,0/1
ML2324,Microsoft,2021,613.0,66.25,2.27,0.08,0/3
AK268K,STD Computer Inc,2021,617.0,65.95,2.34,0.21,0/1
LP133WH1-TLA1,LG Display,2021,610.0,65.91,2.5,0.1,0/1
Dell S2716DG,"Dell, Inc.",2021,610.0,65.55,2.27,0.08,0/3
DELL U3818DW,"Dell, Inc.",2021,616.0,65.55,2.4,0.18,0/1
EV2480,Eizo Nanao Corporation,2021,613.0,65.53,2.37,0.09,0/1
KA242Y,Acer Technologies,2021,610.0,65.34,2.38,0.09,0/2
U2868G6R3B,AOC,2021,610.0,65.33,2.31,0.09,0/1
2790WG5,AOC,2021,613.0,65.17,2.3,0.09,0/1
16701,AU Optronics,2021,610.0,65.16,2.23,0.08,0/2
LP140WF6-SPD1,LG Display,2021,610.0,64.93,2.51,0.1,0/1
RT240Y,Acer Technologies,2021,613.0,64.85,2.39,0.09,0/1
HP V241p,Hewlett Packard Enterprise,2021,610.0,64.83,2.33,0.09,0/1
PL2792Q,Iiyama North America,2021,613.0,64.78,2.38,0.21,0/6
LM156LF1L06,Najing CEC Panda FPD Technology CO. ltd,2021,610.0,64.72,2.58,0.11,0/1
LP156WF9-SPK1,LG Display,2021,610.0,64.69,2.49,0.1,0/1
Q2577W,AOC,2021,617.0,64.47,2.38,0.21,0/2
LP156WF9-SPK2,LG Display,2021,610.0,64.4,2.45,0.1,0/1
1109,LG Display,2021,610.0,64.3,2.26,0.08,0/1
S22F350,Samsung Electric Company,2021,610.0,64.06,2.51,0.1,0/1
P130ZFA-BA1,Chimei Innolux Corporation,2021,610.0,63.99,2.36,0.09,0/2
1391,LG Display,2021,613.0,63.97,2.26,0.08,0/1
HP 27f,HP Inc.,2021,613.0,63.84,2.43,0.1,0/1
H97H1-156WHU,LG Display,2021,610.0,63.76,2.57,0.1,0/1
B140HAN04.0,AU Optronics,2021,610.0,63.75,2.56,0.1,0/3
156HT01-201,Seiko Epson Corporation,2021,610.0,63.69,2.53,0.1,0/2
Generic PnP Monitor,LG Display,2021,610.0,63.34,2.51,0.1,0/1
2274,BOE,2021,610.0,63.28,2.59,0.11,0/2
HP 24f,HP Inc.,2021,610.0,63.26,2.46,0.1,0/2
LQ156D1JW04,Sharp Corporation,2021,610.0,63.17,2.33,0.09,0/2
LP133WF2-SPL3,LG Display,2021,610.0,63.05,2.55,0.1,0/1
DELL E2417H,"Dell, Inc.",2021,613.0,62.93,2.44,0.1,0/1
LP125WH2-SLT1,LG Display,2021,610.0,62.88,2.26,0.08,0/1
G246HYL,Acer Technologies,2021,610.0,62.82,2.46,0.1,0/1
B140XTN03.2,AU Optronics,2021,610.0,62.81,2.31,0.09,0/1
LM156LF1L03,Najing CEC Panda FPD Technology CO. ltd,2021,610.0,62.32,2.58,0.11,0/2
DELL SE2416HM,"Dell, Inc.",2021,610.0,62.24,2.48,0.1,0/1
B156HAN06.1,AU Optronics,2021,610.0,61.88,2.62,0.11,0/3
VG2253 Series,ViewSonic Corporation,2021,613.0,61.7,2.49,0.1,0/9
TCL SMART TV,Technical Concepts Ltd,2021,610.0,61.69,2.38,0.09,0/1
G237HL,Acer Technologies,2021,610.0,61.5,2.52,0.1,0/1
BenQ BL2483,BenQ Corporation,2021,610.0,61.45,2.63,0.11,0/2
LM156LF-GL,Najing CEC Panda FPD Technology CO. ltd,2021,610.0,61.39,2.59,0.11,0/1
V226HQL,Acer Technologies,2021,610.0,61.28,2.51,0.1,0/1
PDG48-B156HAN,AU Optronics,2021,610.0,61.28,2.55,0.1,0/1
2343,AOC,2021,610.0,61.15,2.27,0.08,0/1
2781,AOC,2021,613.0,60.51,2.48,0.1,0/1
Acer V203HL,Acer Technologies,2021,610.0,60.16,2.59,0.11,0/1
123YL01-001,Microsoft,2021,610.0,59.91,2.59,0.11,0/2
24V2W1G5,AOC,2021,610.0,59.86,2.61,0.11,0/1
B156XW02 V2,AU Optronics,2021,610.0,59.75,2.56,0.1,0/4
MSI MAG301RF,Microstep,2021,610.0,59.63,2.63,0.11,0/1
156HL01-102,ASUS,2021,610.0,59.6,2.61,0.11,0/2
VG272 P,Acer Technologies,2021,610.0,59.38,2.63,0.11,0/1
123YL01-001,"Dell, Inc.",2021,610.0,59.36,2.57,0.1,0/1
27GL650F,LG Electronics,2021,610.0,59.36,2.6,0.11,0/2
BenQ GW2480,BenQ Corporation,2021,610.0,58.91,2.62,0.11,0/2
BenQ EX2710,BenQ Corporation,2021,610.0,58.77,2.43,0.1,0/1
Dell AW2521H,"Dell, Inc.",2021,610.0,58.64,2.66,0.11,0/2
LP173WF4-SPD1,LG Display,2021,610.0,58.36,2.64,0.11,0/4
AW2521HFL,"Dell, Inc.",2021,610.0,58.24,2.66,0.11,0/2
LP156WF6-SPB5,LG Display,2021,610.0,58.17,2.37,0.09,0/1
AG274FG8R4+,AOC,2021,610.0,57.39,2.72,0.11,0/1
B156HAN08.2,AU Optronics,2021,610.0,57.32,2.53,0.1,0/1
B173HAN04.0,AU Optronics,2021,610.0,57.15,2.61,0.11,0/1
B140HAN03.5,AU Optronics,2021,610.0,57.07,2.6,0.11,0/1
NV156FHM-NY1,BOE,2021,610.0,56.98,2.64,0.11,0/1
7NVD7-NV15N4Q,BOE,2021,610.0,56.88,2.61,0.11,0/1
NV133FHM-N52,BOE,2021,610.0,56.81,2.4,0.09,0/3
NV156FHM-N4G,BOE,2021,610.0,53.85,2.76,0.14,0/6
AG273QS8R4,AOC,2021,630.0,53.38,3.19,0.62,0/1
HDMI,HON XIA,2021,633.0,51.93,3.29,0.66,0/1
AORUS FO48U,"GIGA-BYTE TECHNOLOGY CO., LTD.",2021,617.0,49.6,2.97,0.35,0/5
LG TV SSCR,LG Electronics,2021,620.0,47.95,3.18,0.48,0/3
C49RG9x,Samsung Electric Company,2021,633.0,47.19,4.34,0.79,0/5
C32HG7x,Samsung Electric Company,2021,633.0,47.19,4.36,0.8,0/4
C27HG7x,Samsung Electric Company,2021,633.0,46.61,4.52,0.8,0/3
PA32UCX,ASUSTek COMPUTER INC,2021,647.0,45.42,3.8,0.53,0/4
ROG PG279QM,ASUSTek COMPUTER INC,2021,630.0,44.87,4.8,0.83,0/1
XV273K,Acer Technologies,2021,633.0,44.77,5.36,0.83,0/1
XB273U GX,Acer Technologies,2021,630.0,44.62,4.81,0.83,0/1
ROG XG27UQ,ASUSTek COMPUTER INC,2021,630.0,43.48,5.55,0.85,0/4
XB323U,Acer Technologies,2021,633.0,43.24,5.92,0.86,0/2
LC49G95T,Samsung Electric Company,2021,630.0,43.18,5.06,0.86,0/2
VERTEX,Intel Corporation,2021,610.0,42.43,2.75,0.34,0/1
ATNA56WR14-0,Samsung Electric Company,2021,627.0,41.82,4.23,0.85,0/1
1D20G-156XG01,Samsung Electric Company,2021,623.0,39.19,4.68,0.78,0/1
PHL 272E2F,Philips Consumer Electronics Company,2021,630.0,35.88,6.16,0.98,0/1
DELL P2721Q,"Dell, Inc.",2021,630.0,35.86,6.28,0.98,0/2
"MacBookPro9,2",Apple Computer Inc,2021,660.0,32.56,2.69,0.46,0/3
PA246,Ancor Communications Inc,2021,657.0,27.44,3.35,0.51,0/11
PA301W,NEC Corporation,2021,657.0,26.71,3.14,0.49,0/4
CG303W,Eizo Nanao Corporation,2021,660.0,26.23,2.75,0.47,0/1
miroir M289,Miro Computer Prod.,2021,627.0,26.01,16.4,0.97,0/1
LCD2490WUXi2,NEC Corporation,2021,617.0,22.55,5.52,0.67,0/3
SME2220W,Samsung Electric Company,2021,610.0,22.18,4.71,0.55,0/1
PLE2407HDS,Iiyama North America,2021,613.0,22.05,5.39,0.55,0/1
LCD2490WUXi,NEC Corporation,2021,613.0,21.89,4.48,0.55,0/1
P20-2,Fujitsu Siemens Computers GmbH,2021,613.0,21.83,5.35,0.55,0/1
S19A10N,Samsung Electric Company,2021,613.0,21.66,4.53,0.55,0/1
VA2013wSERIES,ViewSonic Corporation,2021,613.0,21.57,4.57,0.55,0/1
21266,Fujitsu Ltd,2021,613.0,21.36,5.26,0.55,0/1
VGA Display,NEC-Mitsubishi Electric Visual Systems Corporation,2021,627.0,19.62,9.68,0.97,0/1
2559,Samsung Electronics Company Ltd,2021,623.0,19.51,12.34,0.85,0/1
16699,Samsung Electric Company,2021,623.0,19.45,11.49,0.85,0/1
B139HAN03.2,AU Optronics,2021,667.0,17.0,3.0,0.48,0/5
DELL 2709W,"Dell, Inc.",2021,620.0,15.06,7.19,0.76,0/2
2367,AOC,2021,660.0,13.95,2.51,0.45,0/5
VX2255wm-2,ViewSonic Corporation,2021,612.0,12.98,8.05,0.55,0/1
HC3800,Mitsubishi Electric Corporation,2020,620.0,98.73,1.42,0.24,0/1
"iMac18,1",Apple Computer Inc,2020,630.0,91.89,1.59,0.49,0/1
PHL 242V8,Philips Consumer Electronics Company,2020,617.0,91.29,1.65,0.34,0/2
BenQ EX3501R,BenQ Corporation,2020,640.0,91.06,1.57,0.43,0/1
ASUS VP249,ASUSTek COMPUTER INC,2020,617.0,89.97,1.66,0.16,0/1
PHL 242B1,Philips Consumer Electronics Company,2020,617.0,89.9,1.64,0.25,0/4
ASUS VG249,ASUSTek COMPUTER INC,2020,617.0,89.22,1.66,0.16,0/2
HX27UC-RGB,Hexium Ltd.,2020,640.0,85.99,1.71,0.44,0/1
CG247,Eizo Nanao Corporation,2020,653.0,85.59,1.53,0.04,0/2
LEN LT2452pwC,Lenovo Group Limited,2020,620.0,83.54,1.81,0.26,0/2
ASUS VA27EHE,ASUSTek COMPUTER INC,2020,613.0,82.28,1.8,0.05,0/1
DELL S2740L,"Dell, Inc.",2020,623.0,81.11,1.86,0.36,0/1
23EN33,LG Electronics,2020,623.0,80.62,1.87,0.36,0/1
Philips 278C4,Philips Consumer Electronics Company,2020,620.0,79.86,1.91,0.27,0/1
Philips 278G4,Philips Consumer Electronics Company,2020,620.0,79.84,1.9,0.27,0/1
EA271U,NEC Corporation,2020,617.0,78.83,1.95,0.18,0/2
U24E850,Samsung Electric Company,2020,620.0,78.3,1.9,0.27,0/1
P242W,NEC Corporation,2020,620.0,77.99,1.95,0.27,0/2
NvidiaDefault,Sony,2020,610.0,77.7,2.06,0.07,0/1
5558,Chimei Innolux Corporation,2020,610.0,76.16,2.12,0.07,0/1
PA328,Ancor Communications Inc,2020,623.0,75.25,1.99,0.37,0/4
S23C570,Samsung Electric Company,2020,617.0,74.42,2.06,0.53,0/2
S23B350,Samsung Electric Company,2020,613.0,74.28,2.06,0.07,0/1
VG248,Ancor Communications Inc,2020,617.0,74.2,2.05,0.19,0/3
"MacBookAir7,2",Apple Computer Inc,2020,610.0,73.19,2.04,0.07,0/2
N156HCA-EAB,Lenovo Group Limited,2020,610.0,73.13,2.25,0.08,0/1
Cintiq 13HD,Wacom Tech,2020,613.0,72.92,2.09,0.07,0/1
N156HCA-EAA,Lenovo Group Limited,2020,610.0,72.79,2.28,0.09,0/1
VG27B,ASUSTek COMPUTER INC,2020,613.0,72.65,2.09,0.07,0/2
MEI-HDMI-v109,Marshall Electronics,2020,610.0,72.04,2.03,0.07,0/2
12604,AU Optronics,2020,610.0,71.77,2.17,0.08,0/2
B156XTN02.0,AU Optronics,2020,610.0,71.35,2.27,0.08,0/1
VP2458,ViewSonic Corporation,2020,620.0,71.24,2.15,0.29,0/1
N156HCE-EAA,Lenovo Group Limited,2020,610.0,70.53,2.28,0.36,0/2
5566,Chimei Innolux Corporation,2020,610.0,70.14,2.45,0.1,0/1
EV2455,Eizo Nanao Corporation,2020,620.0,69.95,2.2,0.29,0/11
B156XTN03.1,AU Optronics,2020,610.0,69.73,2.27,0.08,0/2
DELL S2419H,"Dell, Inc.",2020,620.0,69.61,2.19,0.29,0/3
M6F9D-B125XTN,AU Optronics,2020,610.0,69.46,2.28,0.09,0/1
"MacBookPro11,4",Apple Computer Inc,2020,613.0,69.28,2.2,0.08,0/3
EV2457,Eizo Nanao Corporation,2020,617.0,68.94,2.24,0.2,0/1
"MacBookPro6,1",Apple Computer Inc,2020,613.0,68.88,2.17,0.08,0/2
B247W,Acer Technologies,2020,613.0,68.85,2.23,0.08,0/2
BenQ EW2770QZ,BenQ Corporation,2020,620.0,68.76,2.23,0.29,0/1
S24D332,Samsung Electric Company,2020,613.0,68.66,2.2,0.08,0/1
BenQ EW2780Q,BenQ Corporation,2020,613.0,67.58,2.32,0.29,0/3
Q2781,AOC,2020,620.0,67.3,2.3,0.3,0/1
"MacBookPro10,2",Apple Computer Inc,2020,613.0,67.27,2.21,0.19,0/2
PLX2783H,Iiyama North America,2020,610.0,66.82,2.26,0.49,0/3
B140QAN02.3,AU Optronics,2020,613.0,66.78,2.2,0.08,0/1
BenQ GW2760,BenQ Corporation,2020,613.0,66.76,2.26,0.08,0/1
LP123WQ112604,LG Display,2020,613.0,66.47,2.17,0.08,0/2
2269W,AOC,2020,613.0,66.03,2.31,0.09,0/3
PY6P2-125WF1,LG Display,2020,610.0,65.8,2.45,0.1,0/1
LP156WFC-SPP1,LG Display,2020,610.0,65.77,2.54,0.1,0/1
27V-DP,Cromack Industries Inc,2020,610.0,65.74,2.13,0.08,0/1
XF270HU,Acer Technologies,2020,617.0,65.44,2.32,0.21,0/1
VCM8X-N156HG,Chimei Innolux Corporation,2020,610.0,65.34,2.25,0.08,0/1
NV140FHM-N4V,BOE,2020,610.0,65.17,2.5,0.1,0/1
LM140LF-3L03,Najing CEC Panda FPD Technology CO. ltd,2020,610.0,65.17,2.3,0.09,0/1
"MacBookAir8,2",Apple Computer Inc,2020,610.0,65.05,2.27,0.08,0/1
Acer XB281HK,Acer Technologies,2020,610.0,64.77,2.32,0.09,0/2
1671,BOE,2020,610.0,64.72,2.58,0.11,0/1
HKC-M27A9X,HKC OVERSEAS LIMITED,2020,610.0,64.55,2.35,0.09,0/1
27GN7,LG Electronics,2020,620.0,64.44,2.25,0.29,0/1
B156HAN13.0,AU Optronics,2020,610.0,64.38,2.52,0.1,0/1
LP156WH4-TLN1,LG Display,2020,610.0,64.33,2.45,0.1,0/1
S22C450,Samsung Electric Company,2020,610.0,64.11,2.36,0.09,0/1
PL2790,Iiyama North America,2020,613.0,64.03,2.42,0.09,0/1
BenQ GW2406Z,BenQ Corporation,2020,613.0,63.98,2.42,0.09,0/1
LTN156AT190,Seiko Epson Corporation,2020,610.0,63.73,2.54,0.1,0/1
156AT20-701,Seiko Epson Corporation,2020,610.0,63.68,2.56,0.1,0/2
B173HAN04.7,AU Optronics,2020,610.0,63.47,2.53,0.1,0/1
LC24RG50,Samsung Electric Company,2020,613.0,63.33,2.43,0.1,0/1
LM156LF-CL03,Najing CEC Panda FPD Technology CO. ltd,2020,610.0,63.25,2.53,0.1,0/1
DELL P2414H,"Dell, Inc.",2020,610.0,63.04,2.4,0.09,0/6
14573,AU Optronics,2020,610.0,63.03,2.56,0.1,0/1
S242HL,Acer Technologies,2020,610.0,63.01,2.38,0.09,0/2
LM156LF1L,Najing CEC Panda FPD Technology CO. ltd,2020,610.0,62.86,2.55,0.1,0/1
22546,Fujitsu Ltd,2020,610.0,62.77,2.5,0.1,0/1
SM28UNR,Founder Group Shenzhen Co.,2020,610.0,62.32,2.39,0.09,0/2
Dell AW2720HF,"Dell, Inc.",2020,620.0,62.28,2.33,0.3,0/4
DC9YJ-156WFC,LG Display,2020,610.0,62.01,2.54,0.1,0/1
PL3493WQ,Iiyama North America,2020,613.0,61.95,2.47,0.1,0/2
LP156WH3-TLT1,LG Display,2020,610.0,61.57,2.56,0.1,0/1
LTN173KT01000,Seiko Epson Corporation,2020,610.0,61.56,2.53,0.1,0/3
530,LG Display,2020,610.0,61.46,2.55,0.1,0/1
RD70P-140WH2,LG Display,2020,610.0,61.25,2.56,0.1,0/1
PL2390,Iiyama North America,2020,613.0,60.63,2.53,0.1,0/1
Mi Monitor,2-Tel B.V,2020,610.0,60.2,2.58,0.11,0/1
DELL P1917S,"Dell, Inc.",2020,613.0,60.15,2.55,0.1,0/1
17901,AU Optronics,2020,610.0,59.44,2.57,0.1,0/1
XV253Q,Acer Technologies,2020,610.0,59.15,2.59,0.11,0/2
BenQ EX2510,BenQ Corporation,2020,610.0,59.07,2.64,0.11,0/1
ROG PG259QN,ASUSTek COMPUTER INC,2020,610.0,58.89,2.65,0.11,0/1
LP173WF4-SPF3,LG Display,2020,610.0,58.69,2.58,0.11,0/1
XB273 GX,Acer Technologies,2020,610.0,58.38,2.59,0.11,0/2
AW2521HFA,"Dell, Inc.",2020,610.0,58.33,2.67,0.11,0/1
VG259QM,ASUSTek COMPUTER INC,2020,610.0,58.18,2.37,0.09,0/1
1431,LG Display,2020,610.0,57.9,2.58,0.11,0/2
AW2521HF,"Dell, Inc.",2020,610.0,57.79,2.63,0.11,0/1
G49P6-156WF6,LG Display,2020,610.0,57.44,2.52,0.1,0/1
LP133WF4-SPA1,Lenovo Group Limited,2020,610.0,57.4,2.6,0.11,0/1
Wacom One 13,Wacom Tech,2020,610.0,57.28,2.6,0.11,0/1
1389,LG Display,2020,610.0,56.89,2.58,0.11,0/1
C27FG7x,Samsung Electric Company,2020,633.0,52.49,3.56,0.66,0/1
C24FG7x,Samsung Electric Company,2020,634.0,49.89,3.97,0.74,0/4
LG TV,Goldstar Company Ltd,2020,617.0,48.52,3.03,0.43,0/7
ATNA56WR08-0,Lenovo Group Limited,2020,620.0,46.92,3.93,0.62,0/2
EV2336W,Eizo Nanao Corporation,2020,640.0,46.89,2.03,0.6,0/5
XV273K,Acer,2020,633.0,45.09,5.29,0.82,0/1
Acer XB273K S,Acer Technologies,2020,630.0,44.53,5.24,0.83,0/1
ROG PG65UQ,ASUSTek COMPUTER INC,2020,630.0,44.38,4.84,0.84,0/1
XB273U,Acer Technologies,2020,630.0,44.32,4.88,0.84,0/2
X35,Acer Technologies,2020,630.0,44.31,5.26,0.84,0/1
PA329,Ancor Communications Inc,2020,627.0,36.65,8.41,0.95,0/5
LCD2690WUXi2,NEC Corporation,2020,660.0,27.08,2.92,0.48,0/1
HP LP2475w,Hewlett Packard Enterprise,2020,657.0,25.74,3.26,0.5,0/4
iMac,Apple Computer Inc,2020,633.0,23.3,12.09,1.0,11/28
CMC 19AW,Chi Mei Optoelectronics corp.,2020,610.0,22.38,4.75,0.55,0/1
AL1917W,Acer Technologies,2020,617.0,22.36,5.56,0.67,0/1
DELL 2001FP,"Dell, Inc.",2020,617.0,22.34,5.62,0.67,0/1
Acer G245HQ,Acer Technologies,2020,613.0,22.33,5.48,0.55,0/3
Philips 170C,Philips Consumer Electronics Company,2020,617.0,22.2,5.59,0.67,0/1
DELL E228WFP,"Dell, Inc.",2020,613.0,22.09,5.37,0.55,0/1
ZM-M220W(D),"Zalman Tech Co., Ltd.",2020,613.0,22.07,5.5,0.55,0/1
Philips FTV,Philips Consumer Electronics Company,2020,610.0,21.94,4.56,0.55,0/2
LCD-AD222X,I-O Data Device Inc,2020,630.0,21.8,8.22,1.0,4/15
LM520/LM520A,AOC,2020,610.0,21.66,4.66,0.55,0/1
VA2213w-4,ViewSonic Corporation,2020,613.0,21.52,5.78,0.55,0/1
DELL2407WFPHC,"Dell, Inc.",2020,613.0,19.36,5.73,0.55,0/1
S2243W,Eizo Nanao Corporation,2020,612.0,11.11,8.92,0.55,0/6
L226WA,LG Electronics,2020,612.0,8.38,12.96,0.55,0/2
N156HGE-EA2,Chimei Innolux Corporation,2019,670.0,999.0,1.12,0.01,0/1
SHARP HDMI,Sharp Corporation,2019,630.0,98.58,1.53,0.49,0/1
1179,"HYC CO., LTD.",2019,620.0,93.23,1.55,0.25,0/2
P50-C1,"VIZIO, Inc",2019,650.0,93.1,1.52,0.12,0/1
ASUS VG35V,ASUSTek COMPUTER INC,2019,640.0,91.22,1.57,0.43,0/1
324IGZO-HDMI2,2-Tel B.V,2019,640.0,90.16,1.61,0.43,0/1
"iMac14,2",Apple Computer Inc,2019,623.0,90.02,1.65,0.49,0/2
"iMac13,2",Apple Computer Inc,2019,620.0,89.88,1.66,0.49,0/2
CS270,Eizo Nanao Corporation,2019,650.0,89.41,1.53,0.13,0/3
B156HTN01.1,Lenovo Group Limited,2019,647.0,89.28,1.56,0.22,0/1
PA322UHD,NEC Corporation,2019,643.0,88.72,1.61,0.34,0/1
ASUS VG32V,ASUSTek COMPUTER INC,2019,620.0,87.79,1.69,0.26,0/1
31MU97,Goldstar Company Ltd,2019,650.0,86.99,1.65,0.22,0/5
HP Z24x,Hewlett Packard Enterprise,2019,650.0,84.31,1.64,0.13,0/2
BenQ PD2720U,BenQ Corporation,2019,627.0,83.82,1.69,0.47,0/1
PB248,Ancor Communications Inc,2019,620.0,82.06,1.77,0.26,0/1
BenQ SW271,BenQ Corporation,2019,630.0,81.25,1.84,0.51,0/5
JVC NX5,JVC Kenwood,2019,610.0,80.86,1.96,0.06,0/1
BenQ BL2411,BenQ Corporation,2019,620.0,80.84,1.85,0.27,0/1
LEN T2454pA,Lenovo Group Limited,2019,620.0,78.48,1.94,0.27,0/1
HP ENVY 27s,HP Inc.,2019,613.0,78.24,1.92,0.06,0/1
DELL U2419HS,"Dell, Inc.",2019,627.0,78.1,1.91,0.48,0/1
DELL U2515HX,"Dell, Inc.",2019,620.0,77.53,1.87,0.27,0/3
DELL U3415W,"Dell, Inc.",2019,620.0,77.51,1.97,0.27,0/1
VP2770 SERIES,ViewSonic Corporation,2019,620.0,77.42,1.91,0.36,0/2
BenQ EW2775ZH,BenQ Corporation,2019,620.0,77.09,1.96,0.27,0/1
2272WM,AOC,2019,620.0,76.94,1.89,0.27,0/1
8766,AU Optronics,2019,610.0,74.83,1.95,0.06,0/1
XG2402 SERIES,ViewSonic Corporation,2019,613.0,74.05,2.05,0.07,0/1
5269,Chimei Innolux Corporation,2019,610.0,73.76,2.18,0.08,0/3
"MacBookAir6,2",Apple Computer Inc,2019,610.0,73.55,2.21,0.08,0/1
DELL P2415Q,"Dell, Inc.",2019,617.0,72.52,2.14,0.2,0/1
24CH2QK,AOpen Inc.,2019,610.0,70.9,2.25,0.08,0/1
VX3209-SW,ViewSonic Corporation,2019,610.0,70.88,2.16,0.08,0/1
PHL 329P9,Philips Consumer Electronics Company,2019,613.0,70.83,2.14,0.19,0/2
LG ULTRAWIDE,Goldstar Company Ltd,2019,620.0,69.41,2.19,0.29,0/7
HP Z38c,HP Inc.,2019,617.0,69.15,2.24,0.2,0/1
HP 32 QHD,HP Inc.,2019,610.0,69.1,2.17,0.08,0/1
DELL P2416D,"Dell, Inc.",2019,617.0,69.07,2.23,0.29,0/2
"MacBook10,1",Apple Computer Inc,2019,610.0,68.88,2.12,0.07,0/1
B125XW01 V0,Lenovo Group Limited,2019,610.0,68.29,2.11,0.07,0/1
AORUS KD25F,"GIGA-BYTE TECHNOLOGY CO., LTD.",2019,617.0,67.92,2.22,0.2,0/1
HP V241,Hewlett Packard Enterprise,2019,610.0,67.61,2.06,0.07,0/1
LG HDR DQHD,LG Electronics,2019,617.0,67.55,2.31,0.21,0/2
OMEN X 25f,HP Inc.,2019,613.0,67.5,2.22,0.08,0/1
ASUS PB278,Ancor Communications Inc,2019,615.0,66.61,2.28,0.27,0/5
General,HKC OVERSEAS LIMITED,2019,610.0,66.32,2.26,0.08,0/1
VG27A,ASUSTek COMPUTER INC,2019,613.0,66.27,2.24,0.08,0/1
Acer VG270K,Acer Technologies,2019,613.0,66.08,2.29,0.09,0/1
PG279QE,ASUSTek COMPUTER INC,2019,613.0,65.97,2.27,0.08,0/2
LP123WQ122604,LG Display,2019,613.0,65.73,2.29,0.09,0/2
LQ133M1JW15,Sharp Corporation,2019,610.0,65.64,2.28,0.09,0/2
BenQ BL2400,BenQ Corporation,2019,610.0,65.41,2.1,0.07,0/1
N133HSE-EA3,Chimei Innolux Corporation,2019,613.0,65.27,2.29,0.09,0/3
4561N-NT15N41,BOE,2019,610.0,65.22,2.33,0.09,0/1
V-M700,Haivision Systems Inc.,2019,610.0,64.9,2.29,0.09,0/1
2477W1M,AOC,2019,613.0,64.7,2.4,0.09,0/1
LG FULL HD,Goldstar Company Ltd,2019,613.0,64.54,2.34,0.09,0/1
DELL P2217,"Dell, Inc.",2019,610.0,64.3,2.27,0.08,0/1
HPJGK-B156HTN,AU Optronics,2019,610.0,63.79,2.18,0.08,0/1
DELL P2317H,Dell Inc.,2019,610.0,63.19,2.28,0.09,0/1
VP279,Ancor Communications Inc,2019,610.0,62.98,2.25,0.08,0/1
LP173WD1-TLP5,LG Display,2019,610.0,62.19,2.49,0.1,0/1
LG QHD,LG Electronics,2019,610.0,62.03,2.44,0.1,0/1
HP VH240a,HP Inc.,2019,610.0,61.92,2.28,0.09,0/1
DELL P2317H,"Dell, Inc.",2019,613.0,61.69,2.48,0.1,0/1
28908,AU Optronics,2019,610.0,61.12,2.32,0.09,0/1
Acer T232HL,Acer Technologies,2019,610.0,61.03,2.51,0.1,0/1
B270Q165,Bit 3 Computer,2019,613.0,60.69,2.45,0.1,0/1
E241N,NEC Corporation,2019,620.0,60.19,2.27,0.29,0/3
XV272 P,Acer Technologies,2019,610.0,59.62,2.54,0.1,0/1
VG271,Acer Technologies,2019,610.0,58.79,2.58,0.11,0/2
LEN Y27gq-25,Lenovo Group Limited,2019,633.0,54.6,3.04,0.59,0/1
EH LS-10000,Seiko Epson Corporation,2019,613.0,49.08,3.01,0.24,0/1
Xioami Mi 9T / K20,Xiaomi Inc.,2019,627.0,47.37,3.82,0.74,0/2
ROG PG35V,ASUSTek COMPUTER INC,2019,633.0,44.88,5.25,0.83,0/4
41001,Samsung Electric Company,2019,630.0,44.57,4.04,0.83,0/1
PQ22UC,ASUSTek COMPUTER INC,2019,620.0,40.15,3.52,0.64,0/1
CP7271K P,Acer Technologies,2019,627.0,37.25,7.89,0.93,0/1
SMALLHD FOCUS 5 OLED,SmallHD,2019,620.0,37.23,4.19,0.72,0/1
ROG PG27U,ASUSTek COMPUTER INC,2019,627.0,36.45,8.37,0.94,0/5
SmallHD Cine7,SmallHD,2019,627.0,29.94,12.76,1.0,1/2
DELL 3008WFP,"Dell, Inc.",2019,660.0,25.05,2.95,0.48,0/1
LG Ultra HD,Goldstar Company Ltd,2019,633.0,24.65,12.19,1.0,1/14
Cinema HD Display,Apple Computer Inc,2019,610.0,24.3,4.34,0.55,0/2
S3260W,Fujitsu Siemens Computers GmbH,2019,610.0,23.14,4.52,0.55,0/1
L1900R,LG Electronics,2019,613.0,22.48,5.23,0.55,0/1
VE205,Ancor Communications Inc,2019,613.0,22.1,5.37,0.55,0/1
BenQ 241W,BenQ Corporation,2019,613.0,21.91,5.42,0.55,0/2
CG211,Eizo Nanao Corporation,2019,613.0,21.85,5.53,0.55,0/1
LCD-AD222X,LG Display,2019,630.0,21.8,8.22,1.0,1/2
TOSHIBA-TV,Toshiba America Info Systems Inc,2019,610.0,21.67,4.74,0.55,0/3
LCD-AD222X,Lenovo,2019,610.0,19.43,4.67,0.55,0/1
LCD-AD222X,i-O Display System,2019,610.0,19.43,4.67,0.55,0/1
HP LP3065,HP Inc.,2018,670.0,999.0,1.05,0.0,0/1
S19D300,Samsung Electric Company,2018,640.0,94.29,1.52,0.42,0/1
LG TV,Optoma Corporation,2018,610.0,91.12,1.58,0.04,0/1
DELL U2713H,Dell Inc.,2018,650.0,88.44,1.55,0.13,0/7
X5900,JVC,2018,610.0,87.81,1.56,0.04,0/1
241PQPY,Philips Consumer Electronics Company,2018,620.0,86.92,1.64,0.25,0/1
E2290,Goldstar Company Ltd,2018,620.0,83.08,1.83,0.27,0/2
PL2377,Iiyama North America,2018,623.0,81.26,1.86,0.36,0/1
MG248,Ancor Communications Inc,2018,610.0,79.21,1.8,0.05,0/1
EV2780,Eizo Nanao Corporation,2018,620.0,77.42,1.88,0.27,0/1
",","Dell, Inc.",2018,620.0,77.41,1.89,0.27,0/1
Dell U2312HM RevA00,"Dell, Inc.",2018,610.0,76.86,2.01,0.07,0/1
DELL E2414H,Dell Inc.,2018,613.0,76.81,1.99,0.07,0/1
VP2780 SERIES,ViewSonic Corporation,2018,620.0,76.69,1.9,0.27,0/1
AVR6,"Beijing Aerospace Golden Card Electronic Engineering Co.,Ltd.",2018,620.0,75.17,2.13,0.29,0/1
DELL U2515H,Dell Inc.,2018,623.0,74.81,2.02,0.37,0/6
"MacBookAir5,2",Apple Computer Inc,2018,610.0,72.17,2.24,0.08,0/2
LP150QD112604,LG Display,2018,610.0,70.89,2.09,0.07,0/1
DELL U2417H,Dell Inc.,2018,620.0,70.79,2.18,0.36,0/4
B156HW02 V1,AU Optronics,2018,610.0,70.17,2.23,0.08,0/2
V203H,Acer Technologies,2018,620.0,68.62,2.12,0.28,0/1
N173HGE-E11,Chimei Innolux Corporation,2018,610.0,67.99,2.13,0.08,0/2
"MacBookPro12,1",Apple Computer Inc,2018,610.0,67.15,2.2,0.08,0/1
W466R-156GW02,InnoLux Display Corporation,2018,610.0,66.98,2.24,0.08,0/1
HC9GK-173HGE,Chi Mei Optoelectronics corp.,2018,610.0,66.28,2.08,0.07,0/3
22EA53,Goldstar Company Ltd,2018,610.0,65.85,2.14,0.08,0/1
VX2478-2,ViewSonic Corporation,2018,610.0,65.7,2.26,0.08,0/1
XWCYC-173HCE,Chimei Innolux Corporation,2018,610.0,65.63,2.11,0.07,0/1
HMQ270 DP,Digital Projection Limited,2018,613.0,65.19,2.27,0.08,0/1
B140HAN01.3,AU Optronics,2018,610.0,65.16,2.27,0.08,0/1
Generic PnP Monitor,Lenovo,2018,610.0,63.38,2.22,0.08,0/3
DELL S2440L,"Dell, Inc.",2018,610.0,63.08,2.2,0.08,0/1
MX279,Ancor Communications Inc,2018,610.0,62.6,2.25,0.08,0/1
ASUS MX239,Ancor Communications Inc,2018,610.0,60.97,2.27,0.08,0/1
LP156WF4-SPB1,LG Display,2018,610.0,60.9,2.28,0.09,0/1
B133HAN02.7,AU Optronics,2018,610.0,57.46,2.37,0.09,0/1
55SK9000,Goldstar Company Ltd,2018,623.0,57.33,2.76,0.42,0/2
HDMI,MS Telematica,2018,610.0,57.27,2.38,0.09,0/1
LG65B7A,Goldstar Company Ltd,2018,617.0,49.67,2.96,0.34,0/1
OLED55C7P,Goldstar Company Ltd,2018,620.0,49.48,2.74,0.42,0/3
BenQ SW2700,BenQ,2018,630.0,40.07,5.77,0.91,0/1
PVM250A,Sony,2018,620.0,39.75,3.91,0.67,0/1
DELL UP2716D,Dell Inc.,2018,630.0,33.25,3.01,0.93,1/2
Q3203SQ,Kingston Tech Corporation,2018,623.0,29.73,11.87,0.85,0/1
PIONEER_TV,Pioneer Electronic Corporation,2018,620.0,26.94,4.47,0.76,0/1
HP LP3065,Hewlett Packard,2018,660.0,26.38,3.03,0.49,0/1
PA241W,NEC Corporation,2018,657.0,25.78,3.39,0.51,0/8
DELL U2711,Dell Inc.,2018,660.0,25.44,3.12,0.49,0/2
DP,Hypercope Gmbh Aachen,2018,630.0,24.41,11.79,1.0,1/2
LP154WX4-TLC3,LG Philips,2018,610.0,24.01,4.41,0.55,0/1
DELL 2209WA,"Dell, Inc.",2018,610.0,23.98,4.45,0.55,0/1
M077D-160HT,Seiko Epson Corporation,2018,627.0,23.8,25.63,0.97,0/1
HP 2310,Hewlett Packard,2018,610.0,22.72,4.7,0.55,0/1
DELL 2007FP,Dell,2018,610.0,22.31,4.61,0.55,0/1
1088,Samsung Electric Company,2018,610.0,22.13,4.7,0.55,0/1
Philips 190P,Philips Consumer Electronics Company,2018,610.0,21.66,4.68,0.55,0/4
LP156WH1-TLA3,Acer Inc,2018,610.0,21.54,4.75,0.55,0/1
Cintiq 21UX 2,Wacom Tech,2018,613.0,21.3,5.49,0.55,0/2
EA231WMi,NEC Corporation,2018,610.0,21.25,4.62,0.55,0/1
HX191D,HannStar Display Corp,2018,610.0,21.14,4.9,0.55,0/2
HP LP2275w,Hewlett Packard Enterprise,2018,613.0,19.58,5.43,0.55,0/1
DELL 2407WFP,"Dell, Inc.",2018,620.0,16.24,6.14,0.76,0/1
HP L2245w,Hewlett Packard Enterprise,2018,610.0,15.07,5.03,0.55,0/1
DELL P2412H,Dell Inc.,2017,627.0,94.78,1.52,0.45,0/1
iMac,Apple,2017,623.0,94.62,1.56,0.34,0/1
VN279,Ancor Communications Inc,2017,630.0,91.05,1.57,0.49,0/2
HP Z27x,Hewlett Packard,2017,653.0,90.82,1.48,0.03,0/1
P75-C1,"VIZIO, Inc",2017,633.0,90.38,1.6,0.49,0/1
Optoma WXGA,Optoma Corporation,2017,610.0,88.92,1.67,0.04,0/1
PHL 247E6,Philips Consumer Electronics Company,2017,610.0,84.62,1.69,0.05,0/2
DELL S2740L,Dell Inc.,2017,620.0,83.66,1.73,0.26,0/1
CS230,Eizo Nanao Corporation,2017,620.0,80.66,1.8,0.26,0/1
IPS277,Goldstar Company Ltd,2017,620.0,80.55,1.88,0.27,0/2
DELL U3415W,Dell Inc.,2017,620.0,80.04,1.88,0.27,0/2
IPS236,Goldstar Company Ltd,2017,620.0,79.31,1.84,0.27,0/3
S2133,Eizo Nanao Corporation,2017,620.0,77.75,1.84,0.27,0/1
DELL U2515HX,Dell Inc.,2017,620.0,77.65,1.87,0.27,0/2
EV2750,EIZO,2017,623.0,77.61,1.94,0.36,0/1
HP Z27n,Hewlett Packard,2017,620.0,77.17,1.88,0.27,0/1
27MU67,Goldstar Company Ltd,2017,620.0,76.83,1.98,0.28,0/1
Philips 247E4,Philips Consumer Electronics Company,2017,610.0,75.98,1.85,0.06,0/1
DVI,MS Telematica,2017,613.0,73.5,2.07,0.07,0/1
S27D395,Samsung Electric Company,2017,617.0,72.59,2.12,0.19,0/1
N156HGE-EAB,Chimei Innolux Corporation,2017,610.0,70.4,2.27,0.08,0/1
"Screen 1, Output XWAYLAND0",NEC Corporation,2017,617.0,69.51,2.17,0.2,0/2
VP3268-4K,ViewSonic Corporation,2017,617.0,69.19,2.28,0.21,0/4
D65u-D2,"VIZIO, Inc",2017,613.0,67.52,2.28,0.09,0/1
XB270HU,Acer Technologies,2017,613.0,66.85,2.26,0.08,0/7
VE228,Ancor Communications Inc,2017,610.0,66.2,2.08,0.07,0/1
24MB65,Goldstar Company Ltd,2017,610.0,66.1,2.18,0.08,0/1
DISPLAY PORT,Digital Projection Limited,2017,613.0,65.72,2.3,0.09,0/1
Acer CB281HK,Acer Technologies,2017,610.0,65.6,2.29,0.09,0/2
HSD173PUW1,HannStar Display Corp,2017,610.0,65.53,2.21,0.08,0/1
DELL U2415,Dell Inc.,2017,620.0,65.5,2.22,0.37,0/7
VG2860 SERIES,ViewSonic Corporation,2017,610.0,65.23,2.28,0.09,0/1
8509,AU Optronics,2017,610.0,65.21,2.25,0.08,0/1
DJCP6-LQ133M1,Sharp Corporation,2017,610.0,65.02,2.14,0.42,0/2
LQ156D1JX01,Sharp Corporation,2017,610.0,63.67,2.22,0.08,0/1
Moto G Titan,Motorola,2017,610.0,63.56,2.31,0.09,0/1
LP125WF2-SPB2,Lenovo Group Limited,2017,610.0,63.11,2.47,0.1,0/1
LP156WHB-TPC1,Lenovo,2017,610.0,61.27,2.58,0.11,0/1
JHNX6-156HT,Seiko Epson Corporation,2017,610.0,60.76,2.52,0.1,0/1
156AT05-T02,Seiko Epson Corporation,2017,610.0,60.73,2.56,0.1,0/1
HP LE2202x,HP,2017,610.0,58.74,2.57,0.1,0/1
LG SIGNAGE,Goldstar Company Ltd,2017,610.0,58.34,2.64,0.11,0/1
LTN156AT02P09,Seiko Epson Corporation,2017,610.0,58.03,2.61,0.11,0/1
E2350,Goldstar Company Ltd,2017,610.0,57.78,2.58,0.11,0/2
PROJECTOR,Hitachi Ltd,2017,610.0,56.42,2.39,0.09,0/1
LG OLED 6-Series,Goldstar Company Ltd,2017,617.0,48.52,3.03,0.37,0/2
OLED E6V,Goldstar Company Ltd,2017,617.0,46.78,3.09,0.46,0/2
Web,Samsung Electric Company,2017,623.0,44.2,4.49,0.69,0/1
16704,Lenovo Group Limited,2017,623.0,42.92,4.2,0.83,0/5
Samsung Galaxy S8 srgb,Samsung Electric Company,2017,620.0,41.12,4.47,0.65,0/1
Samsung Galaxy S8 adobergb,Samsung Electric Company,2017,620.0,40.94,4.49,0.66,0/1
DELL U2412M,Dell Inc.,2017,643.0,33.41,2.53,0.75,0/16
LG V30 standard,Goldstar Company Ltd,2017,620.0,32.81,5.82,0.76,0/1
LG v30 srgb,Goldstar Company Ltd,2017,620.0,32.77,5.81,0.76,0/1
DELL U3011,Dell Inc.,2017,657.0,26.67,3.12,0.49,0/1
HP LP2475w,Hewlett Packard,2017,657.0,25.65,3.3,0.5,0/9
DELL U2410,Dell Inc.,2017,660.0,24.62,3.19,0.5,0/6
BenQ FP992,BenQ,2017,613.0,22.73,5.17,0.55,0/1
S2202W,Eizo Nanao Corporation,2017,610.0,22.71,4.66,0.55,0/2
HP ZR24w,Hewlett Packard,2017,617.0,22.45,5.46,0.67,0/4
PW191,Ancor Communications Inc,2017,610.0,22.13,4.64,0.55,0/1
L193 Wide,Lenovo Group Limited,2017,610.0,22.12,4.72,0.55,0/1
LTN170WP-L02,Seiko Epson Corporation,2017,613.0,22.06,5.34,0.55,0/1
NEC MultiSync LCD1990SXi (Digital),NEC Corporation,2017,613.0,22.04,5.32,0.55,0/2
VP2365WB,ViewSonic Corporation,2017,617.0,21.91,5.6,0.67,0/1
B154EW02 V1,AU Optronics,2017,613.0,21.9,5.37,0.55,0/1
HP LP2465,Hewlett Packard,2017,613.0,21.76,5.48,0.55,0/1
CHIMEI LCD,"Nexgen Mediatech Inc.,",2017,610.0,21.62,4.75,0.55,0/2
LP171WP4-TLN1,LG Philips,2017,610.0,21.5,4.62,0.55,0/3
DT-V24L1D,JVC,2017,613.0,21.31,5.25,0.55,0/1
DT V-L241D,JVC,2017,613.0,21.29,5.27,0.55,0/1
LL-T1803,Sharp Corporation,2017,610.0,21.19,4.76,0.55,0/1
CG221,Eizo Nanao Corporation,2017,610.0,19.66,5.03,0.55,0/3
DELL U2413,Dell Inc.,2017,610.0,19.46,1.64,0.39,0/9
HP LP2275w,Hewlett Packard,2017,613.0,19.07,5.76,0.55,0/4
S2231W,Eizo Nanao Corporation,2017,613.0,18.84,5.77,0.55,0/4
S2233W,Eizo Nanao Corporation,2017,610.0,15.93,5.21,0.55,0/4
L227W,Goldstar Company Ltd,2017,610.0,15.82,5.16,0.55,0/3
SX2262W,Eizo Nanao Corporation,2017,610.0,15.81,5.01,0.55,0/8
PR-SC885,ONKYO Corporation,2016,610.0,99.04,1.55,0.04,0/1
"Mac12,2",Apple Computer Inc,2016,620.0,91.15,1.62,0.25,0/1
DELL UP2414Q,Dell Inc.,2016,650.0,90.13,1.55,0.13,0/3
XPS 2720,Dell Inc.,2016,653.0,88.41,1.5,0.03,0/1
CX271,Eizo Nanao Corporation,2016,650.0,87.93,1.58,0.13,0/4
DELL U2212HM,Dell Inc.,2016,620.0,84.27,1.8,0.26,0/1
MDL231CV,Mitsubishi Electric Corporation,2016,620.0,82.2,1.77,0.26,0/3
HP 23xi,Hewlett Packard,2016,620.0,80.04,1.82,0.26,0/2
HP ZR2440w,Hewlett Packard,2016,620.0,79.92,1.89,0.27,0/5
DELL U2713HM,Dell Inc.,2016,620.0,78.84,1.84,0.27,0/2
ROG PG348Q,Ancor Communications Inc,2016,620.0,78.31,1.85,0.27,0/3
DELL U2715H,Dell Inc.,2016,620.0,77.72,1.93,0.27,0/1
HP E241i,Hewlett Packard,2016,610.0,72.39,1.97,0.06,0/1
B133XW01 V0,AU Optronics,2016,610.0,72.05,2.02,0.07,0/1
B140XTT01.0,AU Optronics,2016,610.0,69.28,2.11,0.07,0/1
C088T-156WF1,LG Philips,2016,610.0,68.46,2.05,0.07,0/1
FG2421,Eizo Nanao Corporation,2016,610.0,67.8,2.28,0.09,0/2
"MacBookPro8,2",Apple Computer Inc,2016,610.0,67.13,2.2,0.08,0/1
LED FHD UWVA Anti-Glare,HP,2016,610.0,67.1,2.15,0.08,0/1
ROG PG279Q,Ancor Communications Inc,2016,610.0,66.27,2.11,0.07,0/1
HDKPV-173HGE,Chimei Innolux Corporation,2016,610.0,66.25,2.09,0.07,0/1
LP125WH2-SLB1,Lenovo Group Limited,2016,610.0,64.78,2.22,0.08,0/1
5220,Sharp Corporation,2016,610.0,63.39,2.17,0.08,0/1
HP ENVY 24,Hewlett Packard,2016,610.0,63.33,2.22,0.08,0/2
P232W,NEC Corporation,2016,610.0,62.98,2.24,0.08,0/1
U28D590,Samsung Electric Company,2016,610.0,61.83,2.34,0.09,0/2
M6NTY-NT11611,BOE,2016,610.0,61.36,2.6,0.11,0/1
LP156WF4-SPB1,LG,2016,610.0,60.22,2.28,0.09,0/1
E2340,Goldstar Company Ltd,2016,610.0,57.75,2.6,0.11,0/3
X169G,Seiko Epson Corporation,2016,610.0,46.33,3.48,0.32,0/1
LaCie 324i,LaCie,2016,660.0,26.26,3.09,0.49,0/3
W2420,Goldstar Company Ltd,2016,640.0,23.91,31.86,0.94,0/1
W2361,Goldstar Company Ltd,2016,660.0,23.62,3.13,0.49,0/2
DELL U2211H,Dell Inc.,2016,610.0,23.2,4.55,0.55,0/2
PLE2008HDS,Iiyama North America,2016,610.0,23.17,4.69,0.55,0/1
L2000C,Goldstar Company Ltd,2016,613.0,22.18,5.37,0.55,0/3
HD2441W,Eizo Nanao Corporation,2016,610.0,22.17,4.71,0.55,0/1
DENON-AVAMP,"DENON, Ltd.",2016,610.0,21.98,4.5,0.55,0/2
DELL U2311H,Dell Inc.,2016,617.0,21.83,5.61,0.67,0/4
VA1916wSERIES,ViewSonic Corporation,2016,617.0,21.81,5.62,0.67,0/1
Philips 220EW,Philips Consumer Electronics Company,2016,613.0,21.3,5.4,0.55,0/1
42ST60,Panasonic,2016,617.0,20.98,5.35,0.67,0/1
Hewlett Packard HP 23cw,Hewlett Packard,2016,610.0,19.55,4.61,0.55,0/1
NEC LCD1960NXi,NEC Corporation,2016,623.0,18.66,11.38,1.0,1/4
DELL 2709W,Dell Inc.,2016,620.0,14.51,7.89,0.76,0/1
MD30917PN S14,Messeltronik Dresden GmbH,2016,660.0,10.0,1.66,0.39,0/1
PLX2380H,Iiyama North America,2015,620.0,82.27,1.84,0.27,0/2
Class- SSP801,Classe Audio,2015,613.0,79.32,2.0,0.07,0/1
LP156WF1-TLF3,LG Semicom Company Ltd,2015,610.0,71.66,2.06,0.07,0/1
OptiPlex 9020,Dell Inc.,2015,610.0,71.13,2.03,0.07,0/1
6985X-B156HTF,AU Optronics,2015,610.0,70.77,2.0,0.07,0/1
B173RW01 V4,AU Optronics,2015,610.0,70.59,2.23,0.08,0/3
N156B6-L0A,Chi Mei Optoelectronics corp.,2015,610.0,69.3,2.07,0.07,0/1
B156HAN01.2,AU Optronics,2015,613.0,67.53,2.18,0.08,0/2
"MacBookPro8,3",Apple Computer Inc,2015,610.0,67.24,2.07,0.07,0/1
N133HSE-E21,Chimei Innolux Corporation,2015,613.0,66.45,2.24,0.08,0/2
23MP55,Goldstar Company Ltd,2015,610.0,65.59,2.11,0.07,0/1
DELL S2415H,Dell Inc.,2015,610.0,65.29,2.15,0.08,0/1
B140HAN01.1,AU Optronics,2015,610.0,64.94,2.12,0.07,0/2
106HL01-001,Seiko Epson Corporation,2015,610.0,61.12,2.28,0.09,0/1
PVM-1741,Sony,2015,620.0,37.65,4.5,0.71,0/1
L997,Eizo Nanao Corporation,2015,610.0,22.79,4.73,0.55,0/1
FPD2485W,Gateway 2000,2015,613.0,21.95,5.2,0.55,0/1
DELL 1704FPT,Dell Inc.,2015,610.0,21.39,4.5,0.55,0/1
EA244UHD,Apple Computer Inc,2014,620.0,93.88,1.53,0.25,0/1
VP2772 SERIES,ViewSonic Corporation,2014,653.0,85.37,1.53,0.04,0/1
23EA63,Goldstar Company Ltd,2014,620.0,80.85,1.88,0.27,0/2
ILAFPJ -- XT2,JVC,2014,613.0,80.77,1.89,0.06,0/1
DM2780D,Goldstar Company Ltd,2014,620.0,79.18,1.83,0.27,0/2
24EB23,Goldstar Company Ltd,2014,617.0,78.85,1.92,0.18,0/1
AE-4000,Panasonic Industry Company,2014,610.0,77.26,1.78,0.05,0/1
20M35,Goldstar Company Ltd,2014,610.0,76.9,1.87,0.06,0/1
27EA33,Goldstar Company Ltd,2014,610.0,76.83,1.89,0.06,0/1
ROG PG278Q,Ancor Communications Inc,2014,613.0,73.53,2.07,0.07,0/1
B156HTN03.6,AU Optronics,2014,610.0,69.28,2.27,0.08,0/1
DELL ST2220M,Dell Inc.,2014,610.0,68.45,2.07,0.07,0/1
N156HGE-EA1,Lenovo Group Limited,2014,610.0,67.24,2.2,0.08,0/1
VAIO LCD,Sony,2014,610.0,63.76,2.49,0.1,0/2
LTN101NT02007,Seiko Epson Corporation,2014,610.0,60.23,2.57,0.1,0/3
156KT02-301,Seiko Epson Corporation,2014,610.0,57.34,2.36,0.09,0/1
CX270,Eizo Nanao Corporation,2014,660.0,26.15,3.07,0.49,0/1
170CT02-002,Seiko Epson Corporation,2014,610.0,25.19,4.2,0.55,0/1
Philips 240PW,Philips Consumer Electronics Company,2014,660.0,24.27,3.22,0.5,0/1
VX2235wm,ViewSonic Corporation,2014,617.0,21.74,5.66,0.67,0/2
Acer B193,Acer Technologies,2014,617.0,21.59,5.8,0.67,0/1
5895,Eizo Nanao Corporation,2014,610.0,21.51,4.5,0.55,0/1
DELL 2209WA,Dell Inc.,2014,617.0,21.5,5.55,0.67,0/1
"iMac8,1",Apple,2014,613.0,21.36,5.2,0.55,0/1
L194WT,Goldstar Company Ltd,2014,610.0,21.26,4.69,0.55,0/1
LCD2080UX+,NEC Corporation,2014,610.0,21.17,4.69,0.55,0/1
L1910B,Goldstar Company Ltd,2014,613.0,21.16,5.21,0.55,0/1
FS2331,Eizo Nanao Corporation,2014,610.0,21.01,4.61,0.55,0/1
S1921,Eizo Nanao Corporation,2014,610.0,20.9,4.64,0.55,0/1
PanasonicTV0,Panasonic Industry Company,2014,620.0,20.61,5.34,0.76,0/1
Philips 221EL,Philips Consumer Electronics Company,2014,613.0,20.53,5.04,0.55,0/1
SX2761W,Eizo Nanao Corporation,2014,613.0,18.84,5.83,0.55,0/2
CG222W,Eizo Nanao Corporation,2014,610.0,16.36,5.14,0.55,0/1
WQX DP,VMO,2013,650.0,89.02,1.51,0.12,0/1
DELL U2713H,Dell,2013,650.0,88.9,1.54,0.13,0/3
DELL U2413,Dell,2013,653.0,88.28,1.49,0.03,0/2
DELL U2412M,Dell,2013,620.0,79.66,1.89,0.36,0/4
HP 2311x,Hewlett Packard,2013,620.0,79.53,1.91,0.27,0/1
VX2770 SERIES,ViewSonic Corporation,2013,620.0,78.8,1.94,0.27,0/1
HC9000,Mitsubishi Electric Corporation,2013,613.0,75.66,2.15,0.08,0/1
DELL U2312HM,Dell,2013,613.0,73.94,2.06,0.07,0/1
LUMAGEN,Dell,2013,610.0,70.02,1.87,0.06,0/1
"MacBookPro4,1",Apple Computer Inc,2013,610.0,69.29,2.26,0.08,0/1
1530,Sony,2013,610.0,68.55,2.25,0.08,0/2
"MacBookPro9,1",Apple Computer Inc,2013,610.0,67.8,2.17,0.08,0/1
ASUS VG278HR,Ancor Communications Inc,2013,610.0,66.8,2.06,0.07,0/1
173HT02-T01,Seiko Epson Corporation,2013,610.0,65.09,2.27,0.08,0/1
LTN156KT04401,Lenovo Group Limited,2013,610.0,61.59,2.27,0.08,0/1
173KT01-K01,Seiko Epson Corporation,2013,610.0,60.45,2.58,0.11,0/1
LTN156KT02401,Lenovo Group Limited,2013,610.0,55.04,2.4,0.09,0/1
DELL U2410,Dell,2013,657.0,26.21,3.19,0.5,0/11
W2600,Goldstar Company Ltd,2013,660.0,25.24,3.01,0.48,0/1
DELL U2711,Dell,2013,660.0,25.14,3.22,0.5,0/5
DELL U3011,Dell,2013,660.0,25.1,3.13,0.49,0/1
P241W,NEC Corporation,2013,610.0,22.97,4.67,0.55,0/1
Dell Lifebook S7110,Dell,2013,610.0,22.58,4.67,0.55,0/1
Hyundai V226W,Hyundai,2013,610.0,22.41,4.81,0.55,0/1
SMB1920NW,Samsung Electric Company,2013,610.0,21.58,4.74,0.55,0/1
SMB2430L,Samsung Electric Company,2013,617.0,21.31,5.56,0.67,0/1
DELL U2311H,Dell,2013,617.0,21.03,5.61,0.67,0/2
EV2334W,Eizo Nanao Corporation,2013,617.0,20.6,5.61,0.67,0/4
S2232W,Eizo Nanao Corporation,2013,613.0,18.93,5.62,0.55,0/3
SX2461W,Eizo Nanao Corporation,2013,613.0,18.8,5.51,0.55,0/2
T710PH,Goldstar Company Ltd,2013,623.0,18.71,10.83,0.85,0/1
N184H4-L01,Chi Mei Optoelectronics corp.,2013,613.0,18.67,6.08,0.55,0/2
HP w2408,Hewlett Packard,2013,617.0,18.12,8.83,0.67,0/1
SMS24A850,Samsung Electric Company,2012,623.0,82.43,1.81,0.35,0/2
EV2335W,Eizo Nanao Corporation,2012,623.0,82.17,1.8,0.35,0/1
IPS226,Goldstar Company Ltd,2012,620.0,81.48,1.79,0.26,0/1
IPS235,Goldstar Company Ltd,2012,620.0,81.18,1.78,0.26,0/1
X2377HDS-1,Liyama North America,2012,620.0,80.38,1.8,0.26,0/1
BT140GW01V6,InnoLux Display Corporation,2012,610.0,77.63,1.96,0.06,0/1
B140XW02 V1,AU Optronics,2012,610.0,72.85,2.01,0.07,0/1
BenQ GW2250H,BenQ,2012,610.0,67.18,2.05,0.07,0/1
LTN133AT21C01,Seiko Epson Corporation,2012,610.0,63.7,2.27,0.08,0/1
16610,Lenovo Group Limited,2012,610.0,62.96,2.51,0.1,0/3
SyncMaster T220,Samsung Electric Company,2012,610.0,41.68,2.02,0.3,0/1
SX2762W,Eizo Nanao Corporation,2012,657.0,25.64,3.33,0.51,0/2
Television,JVC,2012,660.0,25.35,3.13,0.49,0/1
CG245W,Eizo Nanao Corporation,2012,660.0,24.89,3.13,0.49,0/1
CG275W,Eizo Nanao Corporation,2012,660.0,24.49,3.27,0.5,0/3
LG W2246,Goldstar Company Ltd,2012,610.0,23.32,4.57,0.55,0/2
DELL 2209WA,Dell,2012,610.0,22.52,4.63,0.55,0/4
DELL 2405FPW,Dell,2012,610.0,22.44,4.64,0.55,0/2
12629,Seiko Epson Corporation,2012,617.0,21.27,5.67,0.67,0/1
FPD2185W,Gateway 2000,2012,617.0,21.06,5.75,0.67,0/1
184HT03-001,Seiko Epson Corporation,2012,617.0,20.68,5.74,0.67,0/2
SX2761W Digital,Eizo Nanao Corporation,2012,613.0,18.71,5.75,0.55,0/1
FPDEUMX1,"Victor Company of Japan, Limited",2012,620.0,15.03,7.95,0.76,0/1
HP 2709,Hewlett Packard,2012,620.0,14.88,6.23,0.76,0/1
